sample,case,group,design,run_status,run_end_s,expected_end_s,hold,cycle,probe_time_s,sample_time_s,injection_pressure_mpa,hydraulic_aperture_um,flow_ml_min,permeability_1e13_m2,shear_slip_mm,normal_dilation_mm,effective_normal_mpa,dilation_angle_deg,slip_damage_aperture_um,cumulative_plastic_slip_m,strength_margin_mpa,weakening_state_w,hydraulic_aperture_um_ratio_to_cycle1,flow_ml_min_ratio_to_cycle1,permeability_1e13_m2_ratio_to_cycle1,shear_slip_mm_change_from_cycle1,normal_dilation_mm_change_from_cycle1,analysis_status
SWT1,101_01_swt1_cyclic3_eq,A,equal-peak 3-cycle,complete,10375.4,10375.3913,peak,1,1740,1739.84073,28,4.14806549,6.67058615,14.3183294,0.533928131,-0.157186495,32.662854,16.4420036,0,0.000530425987,-2.12173213e-05,0.00284934632,1,1,1,0,0,valid
SWT1,101_01_swt1_cyclic3_eq,A,equal-peak 3-cycle,complete,10375.4,10375.3913,floor,1,3364.34783,3364.10373,8,3.79476494,0.666154918,12.3255422,0.533723908,-0.137248923,41.6356669,16.4420036,0,0.000530428826,8.19264757,0.00284922116,1,1,1,0,0,valid
SWT1,101_01_swt1_cyclic3_eq,A,equal-peak 3-cycle,complete,10375.4,10375.3913,peak,2,4988.69565,4988.64595,28,4.14807528,6.67063336,14.3185257,0.533933958,-0.157188269,32.6626196,16.4420036,0,0.000530431847,4.38820928e-05,0.00284908804,1.00000236,1.00000708,1.00001371,5.82691954e-06,-1.77415976e-06,valid
SWT1,101_01_swt1_cyclic3_eq,A,equal-peak 3-cycle,complete,10375.4,10375.3913,floor,2,6613.04348,6613.14595,8,3.79474472,0.666144275,12.3255498,0.533726996,-0.137248925,41.6354554,16.4420036,0,0.000530431943,8.19272685,0.0028490838,0.999994674,0.999984022,1.00000062,3.08822489e-06,-2.00775999e-09,valid
SWT1,101_01_swt1_cyclic3_eq,A,equal-peak 3-cycle,complete,10375.4,10375.3913,peak,3,8237.3913,8237.40895,28,4.14807893,6.67065099,14.3185486,0.533934734,-0.157188476,32.6625835,16.4420036,0,0.000530432656,4.08066804e-05,0.00284905237,1.00000324,1.00000972,1.00001531,6.60296372e-06,-1.98166145e-06,valid
SWT1,101_01_swt1_cyclic3_eq,A,equal-peak 3-cycle,complete,10375.4,10375.3913,floor,3,9861.73913,9861.90895,8,3.79474777,0.666145877,12.3255685,0.533727799,-0.137249098,41.6354165,16.4420036,0,0.000530432779,8.19272081,0.00284904697,0.999995476,0.999986427,1.00000214,3.89103491e-06,-1.7469429e-07,valid
SWT1,101_01_swt1_cyclic3_eq,A,equal-peak 3-cycle,complete,10375.4,10375.3913,final_ambient,0,10275.3913,10275.1589,5,3.77264587,0,12.2243295,0.533710025,-0.136043238,43.059194,16.4420036,0,0.000530432779,9.04583649,0.00284904697,,,,,,valid
SWT2,101_02_swt2_cyclic3_eq,A,equal-peak 3-cycle,complete,13881.5,13881.4783,peak,1,2380,2379.75,28,4.60843862,9.13506552,17.1545766,0.570094337,-0.141639495,30.189909,13.9653913,0,0.000566313984,2.05405374e-05,0.00162342904,1,1,1,0,0,valid
SWT2,101_02_swt2_cyclic3_eq,A,equal-peak 3-cycle,complete,13881.5,13881.4783,floor,1,4560.86957,4560.75,8,4.26048111,0.941498421,15.2936806,0.569951072,-0.131038182,39.4258386,13.9653913,0,0.000566314459,10.1761516,0.0016234168,1,1,1,0,0,valid
SWT2,101_02_swt2_cyclic3_eq,A,equal-peak 3-cycle,complete,13881.5,13881.4783,peak,2,6741.73913,6741.75,28,4.60843043,9.13501681,17.1545119,0.570094878,-0.141639078,30.1898631,13.9653913,0,0.000566314608,3.21646957e-05,0.00162341296,0.999998223,0.999994668,0.999996225,5.4043542e-07,4.1664285e-07,valid
SWT2,101_02_swt2_cyclic3_eq,A,equal-peak 3-cycle,complete,13881.5,13881.4783,floor,2,8922.6087,8922.75,8,4.26046897,0.941490371,15.2936269,0.569951145,-0.131037756,39.4258025,13.9653913,0,0.000566314614,10.1763802,0.0016234128,0.99999715,0.99999145,0.999996483,7.312574e-08,4.2608648e-07,valid
SWT2,101_02_swt2_cyclic3_eq,A,equal-peak 3-cycle,complete,13881.5,13881.4783,peak,3,11103.4783,11103.75,28,4.60843071,9.13501848,17.1545133,0.570094905,-0.141639088,30.1898616,13.9653913,0,0.000566314646,3.19881032e-05,0.00162341196,0.999998283,0.99999485,0.999996308,5.6755463e-07,4.0698427e-07,valid
SWT2,101_02_swt2_cyclic3_eq,A,equal-peak 3-cycle,complete,13881.5,13881.4783,floor,3,13284.3478,13284,8,4.26046918,0.941490512,15.2936278,0.569951178,-0.131037763,39.4258007,13.9653913,0,0.000566314656,10.1763822,0.0016234117,0.9999972,0.9999916,0.999996543,1.0600466e-07,4.1818577e-07,valid
SWT2,101_02_swt2_cyclic3_eq,A,equal-peak 3-cycle,complete,13881.5,13881.4783,final_ambient,0,13781.4783,13781.25,5,4.24166205,0,15.2423495,0.569940948,-0.130708721,40.8652053,13.9653913,0,0.000566314656,11.3354374,0.0016234117,,,,,,valid
SWS3,101_03_sw3_cyclic3_eq,A,equal-peak 3-cycle,complete,15792.7,15792.7197,peak,1,2669.2,2669.25,28.5700004,2.04908352,0.822160464,3.57119092,0.0741803694,-0.0474198215,16.4880042,26,0.305647078,7.29727625e-05,0.230649252,0.268403115,1,1,1,0,0,valid
SWS3,101_03_sw3_cyclic3_eq,A,equal-peak 3-cycle,complete,15792.7,15792.7197,floor,1,5183.27993,5183.25,8.00000009,1.57424858,0.0474525133,2.05054167,0.0738703532,-0.0361526232,25.1087113,26,0.305647078,7.29727625e-05,6.33185864,0.268403115,1,1,1,0,0,valid
SWS3,101_03_sw3_cyclic3_eq,A,equal-peak 3-cycle,complete,15792.7,15792.7197,peak,2,7697.35986,7697.25,28.5700004,2.06878741,0.846106834,3.64382711,0.0741278319,-0.0479831587,16.1970265,26,0.305647078,7.29727625e-05,0.679265327,0.268403115,1.00961595,1.02912615,1.02033949,-5.25375725e-05,-0.000563337224,valid
SWS3,101_03_sw3_cyclic3_eq,A,equal-peak 3-cycle,complete,15792.7,15792.7197,floor,2,10211.4398,10211.25,8.00000009,1.57425028,0.047452667,2.05054645,0.073870188,-0.0361369463,25.1078206,26,0.305647078,7.29727625e-05,6.33320295,0.268403115,1.00000108,1.00000324,1.00000233,-1.65140713e-07,1.56768965e-05,valid
SWS3,101_03_sw3_cyclic3_eq,A,equal-peak 3-cycle,complete,15792.7,15792.7197,peak,3,12725.5197,12725.25,28.5700004,2.06889156,0.846234618,3.64421475,0.0741279233,-0.0479860864,16.1975264,26,0.305647078,7.29727625e-05,0.677922432,0.268403115,1.00966678,1.02928157,1.02044803,-5.24461464e-05,-0.000566264908,valid
SWS3,101_03_sw3_cyclic3_eq,A,equal-peak 3-cycle,complete,15792.7,15792.7197,floor,3,15239.5996,15239.25,8.00000009,1.57425019,0.047452659,2.05054631,0.0738701861,-0.0361367724,25.1078096,26,0.305647078,7.29727625e-05,6.33322025,0.268403115,1.00000102,1.00000307,1.00000226,-1.67087192e-07,1.58508229e-05,valid
SWS3,101_03_sw3_cyclic3_eq,A,equal-peak 3-cycle,complete,15792.7,15792.7197,final_ambient,0,15692.7197,15693,5.75000002,1.55896972,0.0115210573,2.01350589,0.0738562489,-0.0358426367,26.1572514,26,0.305647078,7.29727625e-05,6.73746219,0.268403115,,,,,,valid
SWS4,101_04_sw4_cyclic3_eq,A,equal-peak 3-cycle,complete,11613.9,11613.9247,peak,1,2618.7,2619,27.96,1.0769892,0.116619086,0.998691258,0.0936224692,-0.0499189849,15.3065558,17.3278505,0.25562433,9.31185784e-05,-0.0368400444,0.27856342,1,1,1,0,0,qualified_failed_pre_injection_falsifier
SWS4,101_04_sw4_cyclic3_eq,A,equal-peak 3-cycle,complete,11613.9,11613.9247,floor,1,4312.83118,4312.5,8,0.778913749,0.00576438615,0.504702702,0.0938788968,-0.0355149195,24.0974563,17.307405,0.256006697,9.35932783e-05,4.38012861,0.276573561,1,1,1,0,0,qualified_failed_pre_injection_falsifier
SWS4,101_04_sw4_cyclic3_eq,A,equal-peak 3-cycle,complete,11613.9,11613.9247,peak,2,6006.96237,6007.5,27.96,1.07869847,0.117175218,1.00182711,0.0941502333,-0.0501668661,15.2752027,17.3048143,0.256054799,9.36533898e-05,-0.00158215,0.276322529,1.00158708,1.00476879,1.00313996,0.000527764152,-0.000247881238,qualified_failed_pre_injection_falsifier
SWS4,101_04_sw4_cyclic3_eq,A,equal-peak 3-cycle,complete,11613.9,11613.9247,floor,2,7701.09355,7701,8,0.779056568,0.00576755756,0.504888059,0.0939593053,-0.0355419025,24.0920881,17.3038999,0.256071777,9.3674684e-05,4.38551242,0.276233652,1.00018336,1.00055017,1.00036726,8.04085789e-05,-2.69830117e-05,qualified_failed_pre_injection_falsifier
SWS4,101_04_sw4_cyclic3_eq,A,equal-peak 3-cycle,complete,11613.9,11613.9247,peak,3,9395.22474,9394.5,27.96,1.07876963,0.11719841,1.00195775,0.0941723305,-0.0501772106,15.2738862,17.3038525,0.256072656,9.36757827e-05,-9.27882836e-05,0.276229067,1.00165315,1.00496766,1.00327077,0.000549861339,-0.000258225743,qualified_failed_pre_injection_falsifier
SWS4,101_04_sw4_cyclic3_eq,A,equal-peak 3-cycle,complete,11613.9,11613.9247,floor,3,11089.3559,11089.5,8,0.779062557,0.00576769058,0.504895804,0.093962792,-0.0355430675,24.0918538,17.3037479,0.256074597,9.36782199e-05,4.3857446,0.276218897,1.00019105,1.00057325,1.00038261,8.38952442e-05,-2.81480401e-05,qualified_failed_pre_injection_falsifier
SWS4,101_04_sw4_cyclic3_eq,A,equal-peak 3-cycle,complete,11613.9,11613.9247,final_ambient,0,11513.9247,11514,5,0.757324559,0,0.475721443,0.0939476761,-0.0350045564,25.5087541,17.3037479,0.256074597,9.36782199e-05,4.81489599,0.276218897,,,,,,qualified_failed_pre_injection_falsifier
SWT1,101_05_swt1_cyclic3_esc,B,escalating-peak 3-cycle,complete,9520.8,9520.78261,peak,1,1455.13043,1454.763,24,1.63081188,0.334860986,2.21638768,0.00830999745,0.000923270241,57.8668017,16.4420036,0,1.60033878e-06,0.905444644,0.998266227,1,1,1,0,0,valid
SWT1,101_05_swt1_cyclic3_esc,B,escalating-peak 3-cycle,complete,9520.8,9520.78261,floor,1,2794.6087,2794.96248,8,1.63048297,0.0528408025,2.21548109,0.00827552769,0.00100110592,65.6524243,16.4420036,0,1.60043984e-06,5.6085518,0.998266074,1,1,1,0,0,valid
SWT1,101_05_swt1_cyclic3_esc,B,escalating-peak 3-cycle,complete,9520.8,9520.78261,peak,2,4276.52174,4276.43707,26,1.64627128,0.380735039,2.2553557,0.0133258904,-0.000586527146,56.6777214,16.4420036,0,6.66270431e-06,0.000752740771,0.987299803,1.00947957,1.13699432,1.01758177,0.00501589297,-0.00150979739,valid
SWT1,101_05_swt1_cyclic3_esc,B,escalating-peak 3-cycle,complete,9520.8,9520.78261,floor,2,5758.43478,5758.43707,8,1.64501885,0.054266678,2.25238907,0.0132917385,-0.000491450348,65.4303713,16.4420036,0,6.66809303e-06,5.44172923,0.987285512,1.00891507,1.02698436,1.01665913,0.00501621081,-0.00149255627,valid
SWT1,101_05_swt1_cyclic3_esc,B,escalating-peak 3-cycle,complete,9520.8,9520.78261,peak,3,7382.78261,7383.06289,28,4.14806424,6.67058009,14.3183192,0.533927985,-0.157186403,32.662859,16.4420036,0,0.000530425751,-2.07176591e-05,0.0028493567,2.54355777,19.9204457,6.46020518,0.525617987,-0.158109673,valid
SWT1,101_05_swt1_cyclic3_esc,B,escalating-peak 3-cycle,complete,9520.8,9520.78261,floor,3,9007.13043,9006.81289,8,3.79476518,0.666155049,12.3255459,0.533723723,-0.13724897,41.6356767,16.4420036,0,0.00053042855,8.19267273,0.00284923334,2.32738719,12.6068306,5.5633722,0.525448196,-0.138250076,valid
SWT1,101_05_swt1_cyclic3_esc,B,escalating-peak 3-cycle,complete,9520.8,9520.78261,final_ambient,0,9420.78261,9420.81289,5,3.77266417,0,12.2243104,0.53370595,-0.136043161,43.059456,16.4420036,0,0.00053042855,9.0458046,0.00284923334,,,,,,valid
SWT2,101_06_swt2_cyclic3_esc,B,escalating-peak 3-cycle,complete,12693,12692.9565,peak,1,1983.82609,1983.75,24,2.1149091,0.729375424,3.72006479,0.0105371429,0.000601373547,58.2298012,13.9653913,0,2.94278417e-06,0.553889547,0.995936968,1,1,1,0,0,valid
SWT2,101_06_swt2_cyclic3_esc,B,escalating-peak 3-cycle,complete,12693,12692.9565,floor,1,3768.52174,3768.75,8,2.11202013,0.114693241,3.71098256,0.0104989232,0.000677242549,66.0110192,13.9653913,0,2.94286141e-06,5.44785445,0.995936819,1,1,1,0,0,valid
SWT2,101_06_swt2_cyclic3_esc,B,escalating-peak 3-cycle,complete,12693,12692.9565,peak,2,5751.30435,5751,26,4.48781593,7.7027679,16.3742483,0.554397558,-0.137120322,31.8456439,13.9653913,0,0.000550742464,-0.000782144848,0.00207598029,2.12198999,10.5607725,4.40160298,0.543860415,-0.137721696,valid
SWT2,101_06_swt2_cyclic3_esc,B,escalating-peak 3-cycle,complete,12693,12692.9565,floor,2,7734.08696,7734.138,8,4.24932343,0.934120769,15.182535,0.55433274,-0.130158414,40.2680816,13.9653913,0,0.000550781752,8.35792149,0.00207469993,2.01197108,8.14451456,4.09124397,0.543833817,-0.130835657,valid
SWT2,101_06_swt2_cyclic3_esc,B,escalating-peak 3-cycle,complete,12693,12692.9565,peak,3,9914.95652,9915.138,28,4.60842087,9.13495997,17.1544513,0.570092547,-0.141638924,30.1899641,13.9653913,0,0.000566312578,2.00087711e-05,0.00162346527,2.17901605,12.5243594,4.61133133,0.559555404,-0.142240297,valid
SWT2,101_06_swt2_cyclic3_esc,B,escalating-peak 3-cycle,complete,12693,12692.9565,floor,3,12095.8261,12096.138,8,4.26048277,0.941499521,15.2936902,0.56994928,-0.131038307,39.4259272,13.9653913,0,0.00056631304,10.1761868,0.00162345337,2.01725481,8.20884923,4.12119702,0.559450357,-0.131715549,valid
SWT2,101_06_swt2_cyclic3_esc,B,escalating-peak 3-cycle,complete,12693,12692.9565,final_ambient,0,12592.9565,12592.638,5,4.24167781,0,15.2424149,0.569939051,-0.130709284,40.8653346,13.9653913,0,0.00056631304,11.3352114,0.00162345337,,,,,,valid
SWS3,101_07_sw3_cyclic3_esc,B,escalating-peak 3-cycle,complete,14442.7,14442.746,peak,1,2219.20876,2219.25,24.5700004,1.3824874,0.209648808,1.59052726,0.00312923313,-0.00328949296,23.3603337,26,0,1.61485526e-06,0.961863412,0.993681708,1,1,1,0,0,valid
SWS3,101_07_sw3_cyclic3_esc,B,escalating-peak 3-cycle,complete,14442.7,14442.746,floor,1,4283.29746,4283.25,8.00000009,1.24796485,0.0236399388,1.29615115,0.00291577641,-0.000733730213,30.4710236,26,0,1.61596329e-06,7.87979736,0.993675657,1,1,1,0,0,valid
SWS3,101_07_sw3_cyclic3_esc,B,escalating-peak 3-cycle,complete,14442.7,14442.746,peak,2,6572.38177,6572.25,26.5700003,1.69755478,0.427798798,2.44384787,0.017435884,-0.0135155729,21.1003075,26,0,1.55855512e-05,-0.0141490406,0.859421885,1.22789892,2.04054963,1.53650172,0.0143066509,-0.0102260799,valid
SWS3,101_07_sw3_cyclic3_esc,B,escalating-peak 3-cycle,complete,14442.7,14442.746,floor,2,8861.46608,8861.25,8.00000007,1.44045838,0.0363530977,1.7452756,0.0195594623,-0.00920776325,29.2641699,26,0,1.78976186e-05,7.36734251,0.83204723,1.15424595,1.53778307,1.34650624,0.0166436859,-0.00847403303,valid
SWS3,101_07_sw3_cyclic3_esc,B,escalating-peak 3-cycle,complete,14442.7,14442.746,peak,3,11375.546,11375.25,28.5700004,1.98103688,0.742942643,3.32764769,0.0600693909,-0.0393776538,17.1738283,26,0.247756879,5.87155632e-05,-0.000883660138,0.37902289,1.43295113,3.54374847,2.0921664,0.0569401578,-0.0360881609,valid
SWS3,101_07_sw3_cyclic3_esc,B,escalating-peak 3-cycle,complete,14442.7,14442.746,floor,3,13889.6259,13890,8.00000009,1.53174863,0.0437121117,1.94204099,0.0598963766,-0.0290678734,26.1666305,26,0.248109558,5.87844707e-05,6.04670542,0.378419074,1.22739725,1.84907889,1.49831368,0.0569806002,-0.0283341431,valid
SWS3,101_07_sw3_cyclic3_esc,B,escalating-peak 3-cycle,complete,14442.7,14442.746,final_ambient,0,14342.746,14343,5.75000002,1.51881378,0.0106535142,1.91161329,0.059883173,-0.0288159335,27.2197175,26,0.248109558,5.87844707e-05,6.48344817,0.378419074,,,,,,valid
SWS4,101_08_sw4_cyclic3_esc,B,escalating-peak 3-cycle,complete,10715.6,10715.6495,peak,1,2319.27491,2319,23.96,0.940764486,0.0641866602,0.755354104,0.0738371556,-0.0361221211,18.1697023,18.2828062,0.232637647,7.32051495e-05,-0.156579425,0.374974182,1,1,1,0,0,qualified_failed_pre_injection_falsifier
SWS4,101_08_sw4_cyclic3_esc,B,escalating-peak 3-cycle,complete,10715.6,10715.6495,floor,1,3713.98101,3714,8,0.753492845,0.00521821965,0.472087799,0.0761517626,-0.0296435813,25.280923,18.1536078,0.236396245,7.56874099e-05,3.30118715,0.361480879,1,1,1,0,0,qualified_failed_pre_injection_falsifier
SWS4,101_08_sw4_cyclic3_esc,B,escalating-peak 3-cycle,complete,10715.6,10715.6495,peak,2,5258.39965,5259,25.96,1.00870315,0.0874671785,0.872937599,0.0851422616,-0.0433550501,16.6391431,17.7136174,0.247606896,8.45896502e-05,-0.0437412753,0.3166542,1.07221645,1.36270026,1.15566672,0.011305106,-0.00723292898,qualified_failed_pre_injection_falsifier
SWS4,101_08_sw4_cyclic3_esc,B,escalating-peak 3-cycle,complete,10715.6,10715.6495,floor,2,6802.81829,6802.776,8,0.765106419,0.00546324271,0.486849775,0.0855723597,-0.0328085785,24.6544017,17.6850291,0.248258143,8.51992505e-05,3.8475038,0.313779712,1.01541299,1.0469553,1.03126956,0.00942059711,-0.00316499716,qualified_failed_pre_injection_falsifier
SWS4,101_08_sw4_cyclic3_esc,B,escalating-peak 3-cycle,complete,10715.6,10715.6495,peak,3,8496.94948,8496.276,27.96,1.07715041,0.116671462,0.998989373,0.0936742699,-0.0499434664,15.3034599,17.3255782,0.255667137,9.31713887e-05,-0.0333361152,0.278341393,1.1449735,1.81769018,1.32254444,0.0198371142,-0.0138213453,qualified_failed_pre_injection_falsifier
SWS4,101_08_sw4_cyclic3_esc,B,escalating-peak 3-cycle,complete,10715.6,10715.6495,floor,3,10191.0807,10191.276,8,0.778931031,0.00576476985,0.504727207,0.0938875873,-0.0355185028,24.0968945,17.3070207,0.256013927,9.36023416e-05,4.38073656,0.276535698,1.03376035,1.10473883,1.06913843,0.0177358246,-0.00587492148,qualified_failed_pre_injection_falsifier
SWS4,101_08_sw4_cyclic3_esc,B,escalating-peak 3-cycle,complete,10715.6,10715.6495,final_ambient,0,10615.6495,10615.776,5,0.757214564,0,0.475573021,0.0938724767,-0.0349804545,25.5138205,17.3070207,0.256013927,9.36023416e-05,4.80996813,0.276535698,,,,,,qualified_failed_pre_injection_falsifier
SWT1,101_15_swt1_cyclic2_frame2x,E,"equal-peak 2-cycle, frame 2x",complete,7126.7,7126.69565,peak,1,1740,1739.84073,28,1.63,0.404752925,2.21408333,0.00477119355,0.000991664873,43.183482,16.4420036,0,0,12.8840101,1,1,1,1,0,0,valid
SWT1,101_15_swt1_cyclic2_frame2x,E,"equal-peak 2-cycle, frame 2x",complete,7126.7,7126.69565,floor,1,3364.34783,3364.34073,8,1.63,0.0527938598,2.21408333,0.00471052642,0.00129915117,52.8066669,16.4420036,0,0,19.2265886,1,1,1,1,0,0,valid
SWT1,101_15_swt1_cyclic2_frame2x,E,"equal-peak 2-cycle, frame 2x",complete,7126.7,7126.69565,peak,2,4988.69565,4988.75,28,1.63,0.404752925,2.21408333,0.00477120498,0.000991635051,43.1835528,16.4420036,0,0,12.8834942,1,1,1,1,1.14281333e-08,-2.98217996e-08,valid
SWT1,101_15_swt1_cyclic2_frame2x,E,"equal-peak 2-cycle, frame 2x",complete,7126.7,7126.69565,floor,2,6613.04348,6613.25,8,1.63,0.0527938598,2.21408333,0.00471051847,0.00129915929,52.8066176,16.4420036,0,0,19.2269338,1,1,1,1,-7.9463559e-09,8.1133557e-09,valid
SWT1,101_15_swt1_cyclic2_frame2x,E,"equal-peak 2-cycle, frame 2x",complete,7126.7,7126.69565,final_ambient,0,7026.69565,7026.5,5,1.63,0,2.21408333,0.00470143763,0.00132365289,54.2501733,16.4420036,0,0,20.1544642,1,,,,,,valid
SWT1,101_16_swt1_cyclic2_frame0p5x,E,"equal-peak 2-cycle, frame 0.5x",complete,7126.7,7126.69565,peak,1,1740,1739.82092,28,7.13108556,33.8917602,42.269009,1.15922833,-0.343233199,35.1985674,16.4420036,0,0.00115524313,0.000302822361,2.7019867e-08,1,1,1,0,0,valid
SWT1,101_16_swt1_cyclic2_frame0p5x,E,"equal-peak 2-cycle, frame 0.5x",complete,7126.7,7126.69565,floor,1,3364.34783,3364.32092,8,6.69398409,3.6565762,38.0758178,1.15905387,-0.319125752,44.4277175,16.4420036,0,0.0011552672,8.07464944,2.70061397e-08,1,1,1,0,0,valid
SWT1,101_16_swt1_cyclic2_frame0p5x,E,"equal-peak 2-cycle, frame 0.5x",complete,7126.7,7126.69565,peak,2,4988.69565,4988.75,28,7.13290976,33.9177763,42.2905595,1.15959576,-0.343346633,35.1880035,16.4420036,0,0.0011556179,0.000331345552,2.68068427e-08,1.00025581,1.00076762,1.00050984,0.000367433265,-0.000113434249,valid
SWT1,101_16_swt1_cyclic2_frame0p5x,E,"equal-peak 2-cycle, frame 0.5x",complete,7126.7,7126.69565,floor,2,6613.04348,6613.013,8,6.69535792,3.65882802,38.0921343,1.15941876,-0.319214452,44.4167998,16.4420036,0,0.00115563417,8.08751852,2.6797632e-08,1.00020523,1.00061583,1.00042853,0.000364883122,-8.87000095e-05,valid
SWT1,101_16_swt1_cyclic2_frame0p5x,E,"equal-peak 2-cycle, frame 0.5x",complete,7126.7,7126.69565,final_ambient,0,7026.69565,7027.013,5,6.65885692,0,37.7966935,1.1594008,-0.31725737,45.8469159,16.4420036,0,0.00115563646,8.9989749,2.67963383e-08,,,,,,valid
