0,0
5,7.2741122e-05
10,0.00015267044
15,0.00025434744
20,0.00075907661
25,0.00025205156
30,0.00022738397
35,0.00022738397
40,0.00022738397
45,0.00022738397
50,0.00022738397
55,0.00022738397
60,0.00022738397
65,0.00022738397
70,0.00022738397
75,0.00022738397
80,0.00022738397
85,0.00022738397
90,0.00022738397
95,0.00022738397
100,0.00022738397
105,0.00019332041
110,-4.3622592e-05
115,-9.9478841e-05
120,0.00023632652
125,1.441407e-05
130,0.00059874228
135,0.00022738397
140,0.00022738397
145,0.00022738397
150,0.00042817103
155,-0.00044758056
160,0.00031257573
165,-0.00036726376
170,0.00039873153
175,5.7169148e-05
180,0.00010336057
185,0.00010336057
190,0.00010336057
195,0.00010336057
200,0.00010336057
205,0.00010336057
210,0.00010336057
215,0.00010336057
220,0.00010336057
225,0.00010336057
230,0.00010336057
235,0.00010336057
240,0.00044360917
245,-9.6678164e-05
250,0
255,4.345832e-05
260,-0.00017236816
265,5.1842409e-05
270,6.8345734e-05
275,0.0001146423
280,-1.6499275e-05
285,-1.6499275e-05
290,0.00016785362
295,-4.4232426e-05
300,0.00017895885
305,-0.00041167995
310,-0.00029713067
315,-0.00018258139
320,-6.8032107e-05
325,-1.6499275e-05
330,-1.6499275e-05
335,-1.6499275e-05
340,-1.6499275e-05
345,-1.6499275e-05
350,-1.6499275e-05
355,-1.6499275e-05
360,-1.6499275e-05
365,-1.6499275e-05
370,-1.6499275e-05
375,-1.6499275e-05
380,-1.6499275e-05
385,-1.6499275e-05
390,-1.6499275e-05
395,-1.6499275e-05
400,-1.6499275e-05
405,-1.6499275e-05
410,-1.6499275e-05
415,-1.6499275e-05
420,-1.6499275e-05
425,-1.6499275e-05
430,-1.6499275e-05
435,-1.6499275e-05
440,-1.6499275e-05
445,-1.6499275e-05
450,-1.6499275e-05
455,-1.6499275e-05
460,-1.6499275e-05
465,-1.6499275e-05
470,-1.6499275e-05
475,-1.6499275e-05
480,6.8233501e-05
485,0.00023726384
490,0.00040629418
495,0.00057532452
500,1.5852145e-05
505,-0.00012871399
510,-0.00028214955
515,-0.0004471929
520,-0.00013648529
525,-0.00013648529
530,-0.00013648529
535,-0.00013648529
540,-0.00013648529
545,-0.00013648529
550,0
555,-0.00013648529
560,-0.00013648529
565,-0.00013648529
570,-0.00013648529
575,-0.00013648529
580,-0.00013648529
585,-0.00013648529
590,-0.00013648529
595,-2.3935003e-05
600,0.00022359112
605,-0.00016571667
610,-0.00029538043
615,-0.00012030544
620,-0.00028843219
625,-0.00015782249
630,-0.00063014846
635,-0.00029256546
640,-0.00026252738
645,-0.00026252738
650,-0.00026252738
655,-0.00026252738
660,-0.00026252738
665,-0.00026252738
670,-0.00026252738
675,-0.00026252738
680,-0.00026252738
685,-0.00026252738
690,-0.00026252738
695,-0.00026252738
700,-0.00026252738
705,-0.00026252738
710,-0.00026252738
715,-0.00026252738
720,-0.00026252738
725,-0.0004614906
730,-0.00071171858
735,-0.00025116573
740,-0.0001584819
745,6.1909144e-05
750,-0.00031723017
755,-0.00026635797
760,-0.00016206276
765,-7.6317804e-05
770,-0.00024634284
775,-7.9946365e-05
780,-2.8162751e-05
785,0.00016474646
790,0.00017901099
795,8.7304909e-05
800,0.0001731195
805,0.00034709055
810,4.5501903e-05
815,0.00017013128
820,0.00024234849
825,3.8065361e-05
830,0.00017182971
835,0.00083430511
840,0.00036585363
845,0.00036585363
850,0
855,0.000247056
860,0.00040360863
865,0.0007938743
870,0.00025094977
875,0.00048577656
880,0.00048577656
885,0.00048577656
890,0.00048577656
895,0.00017784388
900,0.00074672645
905,0.00020267874
910,0.00082279727
915,0.00025787652
920,0.00075044783
925,0.00028310396
930,0.0010149622
935,0.00061142404
940,0.00060771818
945,0.00060771818
950,0.00060771818
955,0.00060771818
960,0.00060771818
965,0.00060771818
970,0.00058283268
975,0.00060353015
980,0.0007134892
985,0.00079058526
990,0.00062658601
995,0.00074801029
1000,0.00068596715
1005,0.00081183859
1010,0.00096462432
1015,0.0013433541
1020,0.0017078188
1025,0.002514684
1030,0.0031222475
1035,0.0044735084
1040,0.0056928411
1045,0.0067132476
1050,0.0077162216
1055,0.0084939614
1060,0.009571488
1065,0.011042291
1070,0.011883776
1075,0.012971073
1080,0.014236369
1085,0.014934099
1090,0.015446171
1095,0.01598561
1100,0.016134969
1105,0.016278602
1110,0.0166054
1115,0.016797542
1120,0.017153011
1125,0.017228767
1130,0.017081672
1135,0.017284563
1140,0.017370418
1145,0.017314364
1150,0.017
1155,0.017452846
1160,0.017648525
1165,0.017595866
1170,0.017776093
1175,0.01789034
1180,0.018224202
1185,0.017839593
1190,0.017944184
1195,0.018118299
1200,0.017989325
1205,0.018016607
1210,0.018107563
1215,0.018143251
1220,0.017928482
1225,0.018185226
1230,0.018261231
1235,0.018732721
1240,0.018267363
1245,0.018236359
1250,0.018089807
1255,0.01831629
1260,0.018125641
1265,0.018730009
1270,0.018322162
1275,0.018615688
1280,0.018461701
1285,0.018605936
1290,0.01860732
1295,0.018929991
1300,0.018799997
1305,0.018905601
1310,0.019269263
1315,0.019948802
1320,0.020789717
1325,0.021608523
1330,0.022731305
1335,0.023605909
1340,0.024700787
1345,0.025524645
1350,0.026597577
1355,0.027393123
1360,0.028705686
1365,0.029737005
1370,0.031433477
1375,0.032964769
1380,0.034453006
1385,0.035989734
1390,0.037640825
1395,0.03831751
1400,0.03925736
1405,0.039520764
1410,0.040067296
1415,0.040467981
1420,0.040698268
1425,0.040893312
1430,0.040667224
1435,0.040757776
1440,0.040951041
1445,0.040679887
1450,0.041
1455,0.04107502
1460,0.04115155
1465,0.04102965
1470,0.041213543
1475,0.041243326
1480,0.041553415
1485,0.041102315
1490,0.041189186
1495,0.041431783
1500,0.041416861
1505,0.041371736
1510,0.041371736
1515,0.041371736
1520,0.041135673
1525,0.041332714
1530,0.041474618
1535,0.041625847
1540,0.041839383
1545,0.041495759
1550,0.041495759
1555,0.041495759
1560,0.041495759
1565,0.041495759
1570,0.041451175
1575,0.04090975
1580,0.041486626
1585,0.041450511
1590,0.04161808
1595,0.041384313
1600,0.041767345
1605,0.042019334
1610,0.043522091
1615,0.045210309
1620,0.046677385
1625,0.048547348
1630,0.050070697
1635,0.05115142
1640,0.052371767
1645,0.053536182
1650,0.055377008
1655,0.056614195
1660,0.058127513
1665,0.059928138
1670,0.061929956
1675,0.063237794
1680,0.065508914
1685,0.067761276
1690,0.069648184
1695,0.071176054
1700,0.073062032
1705,0.073365411
1710,0.073944647
1715,0.073851983
1720,0.074407495
1725,0.074478286
1730,0.074354012
1735,0.074788948
1740,0.074480526
1745,0.075065896
1750,0.075
1755,0.075379448
1760,0.074882214
1765,0.074994166
1770,0.074821235
1775,0.075022634
1780,0.074830665
1785,0.075006238
1790,0.075006238
1795,0.075006238
1800,0.074760855
1805,0.074958129
1810,0.075101824
1815,0.075425086
1820,0.075250926
1825,0.075128179
1830,0.074692566
1835,0.075118074
1840,0.075204234
1845,0.074894967
1850,0.075261308
1855,0.075349958
1860,0.075421029
1865,0.07541884
1870,0.075428883
1875,0.075691277
1880,0.075569904
1885,0.075410228
1890,0.075658522
1895,0.075728731
1900,0.076106812
1905,0.075468853
1910,0.075933754
1915,0.075988252
1920,0.076269072
1925,0.076127483
1930,0.076013565
1935,0.076169691
1940,0.076072855
1945,0.076304539
1950,0.076349043
1955,0.076242412
1960,0.076528243
1965,0.076599504
1970,0.0768427
1975,0.076700425
1980,0.076613484
1985,0.076749042
1990,0.076829738
1995,0.077041524
2000,0.076956397
2005,0.076918811
2010,0.076942664
2015,0.07728912
2020,0.076910982
2025,0.077061171
2030,0.077170687
2035,0.077232147
2040,0.077118799
2045,0.076958978
2050,0.077
2055,0.077267212
2060,0.077721625
2065,0.077244904
2070,0.077244904
2075,0.077384915
2080,0.077203966
2085,0.077152283
2090,0.077078091
2095,0.076905827
2100,0.076998939
2105,0.077000981
2110,0.077125858
2115,0.076966194
2120,0.076837683
2125,0.076377108
2130,0.076864889
2135,0.076879079
2140,0.076879079
2145,0.076879079
2150,0.076879079
2155,0.076879079
2160,0.076879079
2165,0.076734143
2170,0.076826183
2175,0.077034131
2180,0.076998939
2185,0.076998939
2190,0.076581616
2195,0.076978321
2200,0.077099498
2205,0.077287023
2210,0.076630392
2215,0.077122398
2220,0.077197178
2225,0.077473273
2230,0.076845312
2235,0.077245866
2240,0.077346965
2245,0.077465766
2250,0.077345287
2255,0.077469319
2260,0.077579619
2265,0.077403567
2270,0.077522339
2275,0.077634427
2280,0.077625302
2285,0.077606945
2290,0.077695926
2295,0.077786337
2300,0.077588745
2305,0.07770466
2310,0.07783413
2315,0.077997332
2320,0.077867103
2325,0.077867103
2330,0.077867103
2335,0.078090524
2340,0.07758842
2345,0.077970968
2350,0.078
2355,0.078381898
2360,0.078005636
2365,0.078005636
2370,0.078005636
2375,0.078005636
2380,0.077884015
2385,0.078021346
2390,0.078181815
2395,0.078010078
2400,0.078135372
2405,0.077938773
2410,0.078125559
2415,0.078125559
2420,0.078125559
2425,0.078125559
2430,0.078125559
2435,0.078125559
2440,0.078125559
2445,0.078125559
2450,0.078125559
2455,0.078125559
2460,0.077913631
2465,0.078320461
2470,0.077976309
2475,0.078482742
2480,0.077949006
2485,0.078357718
2490,0.077752268
2495,0.07813014
2500,0.078219637
2505,0.07861155
2510,0.0784671
2515,0.0782475
2520,0.0782475
2525,0.0782475
2530,0.0782475
2535,0.0782475
2540,0.0782475
2545,0.077873159
2550,0.078368722
2555,0.078220964
2560,0.078335657
2565,0.078282688
2570,0.078644413
2575,0.078369442
2580,0.078369442
2585,0.078346593
2590,0.078350743
2595,0.078484628
2600,0.078491384
2605,0.078491384
2610,0.078491384
2615,0.078491384
2620,0.078297322
2625,0.078469796
2630,0.078606859
2635,0.07877106
2640,0.078629853
2645,0.078629853
2650,0.079
2655,0.078629853
2660,0.07849741
2665,0.079184952
2670,0.078270094
2675,0.078928616
2680,0.078421528
2685,0.078585328
2690,0.078834229
2695,0.078749839
2700,0.078749839
2705,0.078749839
2710,0.078749839
2715,0.078749839
2720,0.078749839
2725,0.078749839
2730,0.078749839
2735,0.078749839
2740,0.078749839
2745,0.078749839
2750,0.078749839
2755,0.078749839
2760,0.078749839
2765,0.078749839
2770,0.078749839
2775,0.078727846
2780,0.078239277
2785,0.07871075
2790,0.078991608
2795,0.078901978
2800,0.078762976
2805,0.078527703
2810,0.078835804
2815,0.079045465
2820,0.078699551
2825,0.078884881
2830,0.078737038
2835,0.079372384
2840,0.078910853
2845,0.078871781
2850,0.078871781
2855,0.078871781
2860,0.078871781
2865,0.078871781
2870,0.078871781
2875,0.079188911
2880,0.07877186
2885,0.07908726
2890,0.078857648
2895,0.079133345
2900,0.078993722
2905,0.078993722
2910,0.078993722
2915,0.078884354
2920,0.079135537
2925,0.07902272
2930,0.078888251
2935,0.079099154
2940,0.078908925
2945,0.079448462
2950,0.079
2955,0.079115664
2960,0.079115664
2965,0.079115664
2970,0.079115664
2975,0.079115664
2980,0.079115664
2985,0.079115664
2990,0.079048176
2995,0.078619943
3000,0.079508509
3005,0.07900592
3010,0.07932659
3015,0.078890191
3020,0.079115664
3025,0.079080148
3030,0.079269616
3035,0.079146616
3040,0.079213225
3045,0.079104198
3050,0.079511277
3055,0.079103575
3060,0.07929775
3065,0.079262854
3070,0.079115664
3075,0.079115664
3080,0.079115664
3085,0.078971864
3090,0.079317501
3095,0.079099927
3100,0.079169785
3105,0.079242803
3110,0.079153332
3115,0.079115664
3120,0.079071285
3125,0.079080073
3130,0.079354434
3135,0.078726741
3140,0.079019448
3145,0.07863089
3150,0.079281916
3155,0.079046424
3160,0.079304101
3165,0.079116695
3170,0.079537781
3175,0.079256216
3180,0.079256216
3185,0.079256216
3190,0.079256216
3195,0.079256216
3200,0.079256216
3205,0.079256216
3210,0.079256216
3215,0.079256216
3220,0.079256216
3225,0.079514739
3230,0.079072643
3235,0.079443312
3240,0.078777187
3245,0.079256216
3250,0.079
3255,0.079496735
3260,0.079378413
3265,0.079326911
3270,0.079126405
3275,0.079256216
3280,0.079256216
3285,0.079256216
3290,0.079473601
3295,0.079353472
3300,0.079274432
3305,0.07968768
3310,0.079231757
3315,0.079256216
3320,0.079727419
3325,0.079987756
3330,0.079939834
3335,0.079389015
3340,0.079256216
3345,0.079256216
3350,0.079256216
3355,0.079256216
3360,0.079256216
3365,0.079256216
3370,0.079256216
3375,0.079256216
3380,0.079256216
3385,0.079220972
3390,0.079611492
3395,0.07910611
3400,0.079464787
3405,0.078959706
3410,0.079256216
