0,67.09459
5,67.09459
10,67.094418
15,67.08402
20,67.064931
25,67.036516
30,67.001073
35,66.960947
40,66.915518
45,66.872468
50,66.822389
55,66.761649
60,66.693824
65,66.622578
70,66.540031
75,66.445816
80,66.344397
85,66.240452
90,66.143433
95,66.046523
100,65.915868
105,65.767982
110,65.625964
115,65.545775
120,65.536852
125,65.53851
130,65.535335
135,65.524333
140,65.505761
145,65.487319
150,65.474457
155,65.471344
160,65.468823
165,65.467781
170,65.469759
175,65.473039
180,65.473039
185,65.470896
190,65.469751
195,65.470317
200,65.47212
205,65.474039
210,65.475939
215,65.476576
220,65.476027
225,65.473569
230,65.467378
235,65.441685
240,65.414956
245,65.43594
250,65.47
255,65.415538
260,65.415719
265,65.415473
270,65.415062
275,65.414533
280,65.413947
285,65.413428
290,65.413003
295,65.4129
300,65.413013
305,65.413588
310,65.413776
315,65.414146
320,65.418139
325,65.410825
330,65.393248
335,65.373011
340,65.356981
345,65.32202
350,65.301262
355,65.261576
360,65.20165
365,65.138363
370,65.08762
375,65.008946
380,64.940728
385,64.858051
390,64.767957
395,64.673716
400,64.565807
405,64.463397
410,64.337002
415,64.202804
420,64.06105
425,63.91391
430,63.761095
435,63.585984
440,63.391982
445,63.245342
450,63.36638
455,63.373887
460,63.37399
465,63.377162
470,63.377714
475,63.367299
480,63.335102
485,63.321357
490,63.352864
495,63.316682
500,63.34399
505,63.358015
510,63.317054
515,63.31475
520,63.317052
525,63.318639
530,63.316707
535,63.316707
540,63.316707
545,63.316707
550,63.35
555,63.316707
560,63.316707
565,63.316707
570,63.315844
575,63.313849
580,63.311853
585,63.312089
590,63.313221
595,63.314395
600,63.316348
605,63.318304
610,63.320237
615,63.321929
620,63.323509
625,63.322122
630,63.319117
635,63.313314
640,63.302174
645,63.286862
650,63.268126
655,63.239847
660,63.206051
665,63.166918
670,63.112441
675,63.057799
680,62.975892
685,62.887647
690,62.815452
695,62.730379
700,62.615962
705,62.506495
710,62.384579
715,62.255302
720,62.12016
725,61.980385
730,61.838706
735,61.698392
740,61.561453
745,61.430018
750,61.308261
755,61.278869
760,61.278869
765,61.278869
770,61.278869
775,61.278869
780,61.278869
785,61.278869
790,61.278869
795,61.278869
800,61.278869
805,61.278869
810,61.278869
815,61.278869
820,61.278869
825,61.278869
830,61.278869
835,61.263224
840,61.21816
845,61.212855
850,61.27
855,61.202244
860,61.201509
865,61.203321
870,61.205133
875,61.207125
880,61.212277
885,61.217606
890,61.222935
895,61.228246
900,61.233523
905,61.2388
910,61.244077
915,61.246797
920,61.260195
925,61.271403
930,61.27917
935,61.276524
940,61.270143
945,61.261401
950,61.241913
955,61.212322
960,61.178177
965,61.133668
970,61.066064
975,60.995196
980,60.938465
985,60.860046
990,60.786615
995,60.704937
1000,60.614401
1005,60.512129
1010,60.403858
1015,60.286021
1020,60.161522
1025,60.030349
1030,59.891862
1035,59.751875
1040,59.59788
1045,59.442901
1050,59.284795
1055,59.16071
1060,59.171886
1065,59.177353
1070,59.169594
1075,59.127423
1080,59.128612
1085,59.151932
1090,59.12097
1095,59.119868
1100,59.118766
1105,59.118668
1110,59.118949
1115,59.119243
1120,59.120132
1125,59.121077
1130,59.122016
1135,59.121738
1140,59.121039
1145,59.122199
1150,59.14
1155,59.125125
1160,59.125926
1165,59.125554
1170,59.12429
1175,59.119425
1180,59.112639
1185,59.102584
1190,59.086587
1195,59.069474
1200,59.073993
1205,59.091573
1210,59.061977
1215,59.061669
1220,59.063944
1225,59.056153
1230,59.034258
1235,59.007452
1240,58.977553
1245,58.934904
1250,58.897835
1255,58.873451
1260,58.817593
1265,58.76263
1270,58.708171
1275,58.650022
1280,58.586641
1285,58.513549
1290,58.437258
1295,58.354577
1300,58.262408
1305,58.166633
1310,58.046932
1315,57.924855
1320,57.817731
1325,57.685162
1330,57.544195
1335,57.418742
1340,57.254008
1345,57.100337
1350,57.024425
1355,57.017439
1360,56.977373
1365,56.967687
1370,56.96162
1375,56.962477
1380,56.965178
1385,56.965178
1390,56.96588
1395,56.966906
1400,56.964791
1405,56.961758
1410,56.952669
1415,56.937342
1420,56.925229
1425,56.914621
1430,56.907886
1435,56.902714
1440,56.901364
1445,56.901991
1450,56.94
1455,56.908668
1460,56.909852
1465,56.910294
1470,56.909826
1475,56.908294
1480,56.907923
1485,56.907923
1490,56.907923
1495,56.915425
1500,56.912153
1505,56.901235
1510,56.888116
1515,56.869369
1520,56.906685
1525,56.859125
1530,56.850717
1535,56.827516
1540,56.791256
1545,56.744036
1550,56.701286
1555,56.660247
1560,56.615373
1565,56.562864
1570,56.503229
1575,56.435736
1580,56.365571
1585,56.301348
1590,56.222225
1595,56.145227
1600,56.042436
1605,55.914806
1610,55.804165
1615,55.670221
1620,55.518555
1625,55.34829
1630,55.180858
1635,54.937501
1640,54.727383
1645,54.500003
1650,54.38493
1655,54.301166
1660,54.244042
1665,54.170952
1670,54.122178
1675,54.065834
1680,53.992835
1685,53.927056
1690,53.838813
1695,53.738524
1700,53.625046
1705,53.502565
1710,53.378395
1715,53.230706
1720,52.691365
1725,49.659099
1730,42.769174
1735,41.807286
1740,39.356156
1745,33.209824
1750,31.79
1755,31.756217
1760,31.734579
1765,31.701312
1770,31.690246
1775,31.675796
1780,31.654427
1785,31.642941
1790,31.638012
1795,31.638885
1800,31.640541
1805,31.639071
1810,31.631874
1815,31.587126
1820,31.611291
1825,31.586096
1830,31.573863
1835,31.566762
1840,31.560272
1845,31.557126
1850,31.557269
1855,31.556372
1860,31.55557
1865,31.563424
1870,31.574957
1875,31.587537
1880,31.611144
1885,31.643384
1890,31.683395
1895,31.72813
1900,31.791776
1905,31.861188
1910,31.937589
1915,32.029824
1920,32.12853
1925,32.228178
1930,32.337429
1935,32.464664
1940,32.595541
1945,32.729337
1950,32.881573
1955,33.034052
1960,33.195034
1965,33.38202
1970,33.456349
1975,33.43421
1980,33.43421
1985,33.43421
1990,33.43421
1995,33.43421
2000,33.43421
2005,33.43421
2010,33.43421
2015,33.43421
2020,33.43421
2025,33.43421
2030,33.43421
2035,33.43421
2040,33.43421
2045,33.43421
2050,33.45
2055,33.43421
2060,33.434266
2065,33.441713
2070,33.441017
2075,33.435397
2080,33.427748
2085,33.420483
2090,33.402459
2095,33.398359
2100,33.420859
2105,33.42452
2110,33.407374
2115,33.431901
2120,33.429844
2125,33.428185
2130,33.4289
2135,33.428654
2140,33.428296
2145,33.436349
2150,33.459192
2155,33.493235
2160,33.546911
2165,33.612878
2170,33.699502
2175,33.7936
2180,33.894831
2185,34.010574
2190,34.142599
2195,34.277741
2200,34.419629
2205,34.569035
2210,34.758985
2215,34.926841
2220,35.149566
2225,35.298707
2230,35.35106
2235,35.351733
2240,35.351754
2245,35.351657
2250,35.351122
2255,35.350535
2260,35.349775
2265,35.349002
2270,35.348324
2275,35.347682
2280,35.347383
2285,35.319652
2290,35.34757
2295,35.348143
2300,35.349502
2305,35.350519
2310,35.350519
2315,35.350519
2320,35.350519
2325,35.335547
2330,35.299203
2335,35.343716
2340,35.357983
2345,35.346444
2350,35.35
2355,35.331831
2360,35.331087
2365,35.351801
2370,35.34948
2375,35.344307
2380,35.321221
2385,35.295058
2390,35.331411
2395,35.350519
2400,35.350519
2405,35.308645
2410,35.306507
2415,35.160864
2420,35.423261
2425,35.35585
2430,35.371213
2435,35.394145
2440,35.422718
2445,35.455231
2450,35.490382
2455,35.54432
2460,35.612345
2465,35.70324
2470,35.798956
2475,35.893653
2480,35.995115
2485,36.1058
2490,36.233768
2495,36.350641
2500,36.519046
2505,36.651108
2510,36.792089
2515,36.969541
2520,37.162583
2525,37.270819
2530,37.274171
2535,37.27345
2540,37.273543
2545,37.273711
2550,37.274325
2555,37.274941
2560,37.275567
2565,37.276134
2570,37.276326
2575,37.276352
2580,37.275659
2585,37.274642
2590,37.272612
2595,37.261179
2600,37.225338
2605,37.024772
2610,37.274858
2615,37.226203
2620,37.205778
2625,37.258469
2630,37.27541
2635,37.274858
2640,37.274858
2645,37.274858
2650,37.29
2655,37.274858
2660,37.269445
2665,37.20866
2670,37.206256
2675,37.209152
2680,37.203496
2685,37.207725
2690,37.250264
2695,37.274858
2700,37.274858
2705,37.232144
2710,37.238119
2715,37.276328
2720,37.275618
2725,37.272096
2730,37.274858
2735,37.314907
2740,37.337816
2745,37.391464
2750,37.446704
2755,37.513777
2760,37.573972
2765,37.637309
2770,37.697206
2775,37.817087
2780,37.91855
2785,38.031312
2790,38.141112
2795,38.250242
2800,38.390916
2805,38.524633
2810,38.673263
2815,38.841242
2820,38.99204
2825,39.164611
2830,39.240578
2835,39.20391
2840,39.207839
2845,39.211769
2850,39.215699
2855,39.219628
2860,39.223558
2865,39.223734
2870,39.222672
2875,39.221611
2880,39.22055
2885,39.219488
2890,39.218427
2895,39.215844
2900,39.212675
2905,39.209507
2910,39.206339
2915,39.20317
2920,39.200002
2925,39.197
2930,39.194182
2935,39.191364
2940,39.188547
2945,39.185729
2950,39.22
2955,39.180484
2960,39.180379
2965,39.180287
2970,39.180196
2975,39.153452
2980,39.179536
2985,39.180464
2990,39.18513
2995,39.18953
3000,39.193912
3005,39.198261
3010,39.203339
3015,39.208993
3020,39.222811
3025,39.239729
3030,39.260375
3035,39.282167
3040,39.308147
3045,39.336589
3050,39.380151
3055,39.440563
3060,39.504836
3065,39.562706
3070,39.624314
3075,39.700197
3080,39.79408
3085,39.910651
3090,40.0192
3095,40.126724
3100,40.261662
3105,40.385246
3110,40.536078
3115,40.661636
3120,40.764147
3125,40.844731
3130,41.003227
3135,41.119254
3140,41.127763
3145,41.126734
3150,41.12539
3155,41.126555
3160,41.126555
3165,41.126555
3170,41.126555
3175,41.126555
3180,41.126555
3185,41.126555
3190,41.126555
3195,41.126555
3200,41.126555
3205,41.126555
3210,41.126555
3215,41.126555
3220,41.126555
3225,41.126555
3230,41.126555
3235,41.126555
3240,41.126555
3245,41.126555
3250,41.14
3255,41.126555
3260,41.126555
3265,41.126555
3270,41.126555
3275,41.126555
3280,41.126555
3285,41.126555
3290,41.126555
3295,41.126555
3300,41.126555
3305,41.126555
3310,41.126555
3315,41.126555
3320,41.126555
3325,41.126555
3330,41.126555
3335,41.126555
3340,41.126555
3345,41.126555
3350,41.126555
3355,41.126555
3360,41.082965
3365,41.126555
3370,41.100612
