0,150.02031
5,150.02031
10,149.9873
15,149.95583
20,149.92284
25,149.91197
30,149.9084
35,149.89244
40,149.84845
45,149.84515
50,149.86408
55,149.82825
60,149.76735
65,149.79571
70,149.80086
75,149.74031
80,149.7426
85,149.74131
90,149.73477
95,149.69628
100,149.68399
105,149.67414
110,149.66744
115,149.66625
120,149.66486
125,149.66007
130,149.65051
135,149.63897
140,149.62621
145,149.61293
150,149.599
155,149.5851
160,149.57127
165,149.55793
170,149.54539
175,149.53408
180,149.5237
185,149.51593
190,149.50977
195,149.50972
200,149.46637
205,149.42822
210,149.44235
215,149.50955
220,149.50903
225,149.45333
230,149.42776
235,149.43125
240,149.43102
245,149.42844
250,149.40547
255,149.36083
260,149.33724
265,149.33161
270,149.342
275,149.34784
280,149.34914
285,149.33367
290,149.29501
295,149.27359
300,149.26433
305,149.25966
310,149.26157
315,149.26465
320,149.26465
325,149.26465
330,149.25653
335,149.18246
340,149.2589
345,149.20241
350,149.18787
355,149.24115
360,149.18566
365,149.1861
370,149.18596
375,149.13418
380,149.15314
385,149.15753
390,149.16148
395,149.19012
400,149.18907
405,149.15971
410,149.12734
415,149.13543
420,149.1402
425,149.15657
430,149.16155
435,149.11783
440,149.15229
445,149.11302
450,149.11747
455,149.1167
460,149.11308
465,149.10149
470,149.08165
475,149.06618
480,149.0531
485,149.04527
490,149.03995
495,149.03957
500,149.07018
505,149.04922
510,149.04389
515,149.0384
520,149.02015
525,148.99342
530,148.96168
535,148.94751
540,148.95474
545,149.00146
550,148.94595
555,148.93956
560,148.94057
565,148.94463
570,148.94781
575,148.946
580,148.94467
585,148.94752
590,148.94247
595,148.91388
600,148.87254
605,148.8556
610,148.89503
615,148.93262
620,148.86232
625,148.85933
630,148.86382
635,148.87011
640,148.8714
645,148.86041
650,148.82812
655,148.80834
660,148.85618
665,148.87322
670,148.87509
675,148.86523
680,148.84423
685,148.79247
690,148.84541
695,148.82673
700,148.86502
705,148.86884
710,148.85835
715,148.83313
720,148.80462
725,148.78324
730,148.77863
735,148.78708
740,148.79007
745,148.79795
750,148.79442
755,148.77786
760,148.75378
765,148.72823
770,148.71083
775,148.70884
780,148.71066
785,148.71132
790,148.71192
795,148.71248
800,148.71257
805,148.71251
810,148.71153
815,148.71011
820,148.70769
825,148.70427
830,148.69996
835,148.69077
840,148.64847
845,148.63926
850,148.63135
855,148.57049
860,148.63135
865,148.63597
870,148.63552
875,148.62592
880,148.60946
885,148.58011
890,148.55716
895,148.54851
900,148.54392
905,148.54047
910,148.53742
915,148.5371
920,148.53692
925,148.53834
930,148.53982
935,148.54176
940,148.54372
945,148.50697
950,148.54615
955,148.5454
960,148.54188
965,148.5352
970,148.52122
975,148.48597
980,148.46617
985,148.45784
990,148.45854
995,148.46632
1000,148.46981
1005,148.46601
1010,148.46533
1015,148.46539
1020,148.46445
1025,148.50033
1030,148.51728
1035,148.46316
1040,148.46655
1045,148.394
1050,148.3924
1055,148.43053
1060,148.40372
1065,148.39352
1070,148.38551
1075,148.36045
1080,148.31329
1085,148.30649
1090,148.31008
1095,148.31036
1100,148.26893
1105,148.25183
1110,148.30701
1115,148.30874
1120,148.235
1125,148.24137
1130,148.30964
1135,148.24485
1140,148.23371
1145,148.23371
1150,148.23371
1155,148.17412
1160,148.19712
1165,148.23371
1170,148.22486
1175,148.14145
1180,148.22472
1185,148.2159
1190,148.15188
1195,148.14399
1200,148.14399
1205,148.14399
1210,148.14399
1215,148.14399
1220,148.13822
1225,148.08087
1230,148.06571
1235,148.06323
1240,148.05795
1245,148.06012
1250,148.0842
1255,148.1408
1260,148.12349
1265,148.0742
1270,148.06502
1275,148.06461
1280,148.06633
1285,148.06252
1290,148.12293
1295,148.06633
1300,148.06633
1305,148.01215
1310,148.06376
1315,148.04409
1320,147.99523
1325,147.98543
1330,147.99126
1335,147.93227
1340,147.95242
1345,147.90988
1350,147.86975
1355,147.82894
1360,147.79258
1365,147.76253
1370,147.74186
1375,147.73198
1380,147.70674
1385,147.67549
1390,147.66335
1395,147.66668
1400,147.66877
1405,147.65728
1410,147.62292
1415,147.58893
1420,147.57081
1425,147.54559
1430,147.55786
1435,147.58493
1440,147.59735
1445,147.54908
1450,147.51043
1455,147.50895
1460,147.51139
1465,147.51339
1470,147.50976
1475,147.46561
1480,147.43206
1485,147.49325
1490,147.47753
1495,147.4357
1500,147.4357
1505,147.44258
1510,147.40918
1515,147.36552
1520,147.43243
1525,147.36648
1530,147.34401
1535,147.34138
1540,147.34199
1545,147.34636
1550,147.34891
1555,147.34483
1560,147.33837
1565,147.32271
1570,147.29839
1575,147.28201
1580,147.26876
1585,147.25796
1590,147.24562
1595,147.23134
1600,147.20966
1605,147.17426
1610,147.11497
1615,147.04871
1620,146.93675
1625,146.76362
1630,146.46677
1635,146.23721
1640,145.97076
1645,145.7067
1650,145.48746
1655,145.30406
1660,145.09591
1665,144.87854
1670,144.68707
1675,144.45583
1680,144.21026
1685,143.9876
1690,143.65373
1695,143.29806
1700,142.86283
1705,142.46453
1710,142.01696
1715,141.4426
1720,138.18641
1725,128.45368
1730,104.41152
1735,101.17062
1740,92.682445
1745,71.235465
1750,65.3314
1755,65.13035
1760,65.017739
1765,64.935741
1770,64.86798
1775,64.811139
1780,64.762279
1785,64.725752
1790,64.694715
1795,64.666982
1800,64.644087
1805,64.623572
1810,64.602657
1815,64.580454
1820,64.556306
1825,64.524345
1830,64.489301
1835,64.430872
1840,64.473755
1845,64.473936
1850,64.394982
1855,64.391568
1860,64.395213
1865,64.393701
1870,64.357406
1875,64.319365
1880,64.319122
1885,64.313657
1890,64.263684
1895,64.240273
1900,64.23764
1905,64.228883
1910,64.206138
1915,64.165642
1920,64.156613
1925,64.153578
1930,64.158282
1935,64.09023
1940,64.080404
1945,64.071872
1950,64.016708
1955,63.939554
1960,63.913106
1965,63.93134
1970,63.992943
1975,63.993444
1980,63.931318
1985,63.911155
1990,63.910303
1995,63.915115
2000,63.933458
2005,63.986749
2010,63.924129
2015,63.918169
2020,63.914955
2025,63.909223
2030,63.870387
2035,63.909
2040,63.911802
2045,63.877703
2050,63.881464
2055,63.902608
2060,63.917089
2065,63.924446
2070,63.924509
2075,63.910247
2080,63.900528
2085,63.866921
2090,63.845336
2095,63.833098
2100,63.829571
2105,63.831295
2110,63.841865
2115,63.855271
2120,63.879688
2125,63.914368
2130,63.907948
2135,63.887872
2140,63.869446
2145,63.853737
2150,63.839713
2155,63.826842
2160,63.814942
2165,63.803355
2170,63.79149
2175,63.779165
2180,63.765752
2185,63.750466
2190,63.734025
2195,63.713392
2200,63.695501
2205,63.689469
2210,63.683463
2215,63.639079
2220,63.668661
2225,63.682751
2230,63.634784
2235,63.673049
2240,63.687381
2245,63.693012
2250,63.685259
2255,63.665771
2260,63.639742
2265,63.613917
2270,63.594564
2275,63.589924
2280,63.592656
2285,63.54521
2290,63.59293
2295,63.59437
2300,63.59437
2305,63.59437
2310,63.59437
2315,63.587726
2320,63.551016
2325,63.579434
2330,63.524322
2335,63.58554
2340,63.597328
2345,63.544247
2350,63.549152
2355,63.526274
2360,63.562217
2365,63.597992
2370,63.600173
2375,63.580627
2380,63.552617
2385,63.526555
2390,63.57576
2395,63.591383
2400,63.585252
2405,63.547808
2410,63.516454
2415,63.515397
2420,63.575156
2425,63.515732
2430,63.584188
2435,63.543177
2440,63.516144
2445,63.490171
2450,63.442097
2455,63.514997
2460,63.449233
2465,63.487951
2470,63.481642
2475,63.43894
2480,63.425172
2485,63.373643
2490,63.415762
2495,63.388987
2500,63.397594
2505,63.415724
2510,63.355315
2515,63.314269
2520,63.346735
2525,63.297463
2530,63.317337
2535,63.344383
2540,63.362271
2545,63.367774
2550,63.369562
2555,63.348559
2560,63.315771
2565,63.328396
2570,63.282401
2575,63.282401
2580,63.349676
2585,63.304778
2590,63.315292
2595,63.352871
2600,63.314953
2605,63.279751
2610,63.276313
2615,63.284812
2620,63.282401
2625,63.283092
2630,63.331539
2635,63.287113
2640,63.280528
2645,63.32661
2650,63.346817
2655,63.302407
2660,63.275253
2665,63.282401
2670,63.282401
2675,63.282401
2680,63.282004
2685,63.280608
2690,63.281053
2695,63.282098
2700,63.283266
2705,63.283847
2710,63.282459
2715,63.278851
2720,63.269888
2725,63.245989
2730,63.211498
2735,63.189441
2740,63.186886
2745,63.215497
2750,63.259678
2755,63.203571
2760,63.197329
2765,63.194673
2770,63.159528
2775,63.113905
2780,63.120805
2785,63.162621
2790,63.115037
2795,63.115037
2800,63.115037
2805,63.114149
2810,63.072362
2815,63.075056
2820,63.115037
2825,63.06636
2830,63.031479
2835,63.044719
2840,63.090595
2845,63.078709
2850,63.038731
2855,63.08798
2860,63.118706
2865,63.119549
2870,63.111324
2875,63.078609
2880,63.040995
2885,63.095634
2890,63.077517
2895,63.045365
2900,63.038675
2905,63.037283
2910,63.038138
2915,63.038731
2920,63.038731
2925,63.038731
2930,63.038731
2935,63.038731
2940,63.038731
2945,63.038731
2950,63.038731
2955,63.038731
2960,63.038731
2965,63.038731
2970,63.033125
2975,63.001356
2980,62.980843
2985,62.987492
2990,63.015605
2995,63.026818
3000,63.035717
3005,63.04236
3010,63.046948
3015,63.049219
3020,63.04241
3025,63.038846
3030,63.013457
3035,63.008283
3040,63.035272
3045,62.981784
3050,62.960934
3055,62.953062
3060,62.977508
3065,63.032865
3070,62.959107
3075,62.961039
3080,62.96767
3085,62.952649
3090,62.899406
3095,62.882193
3100,62.880351
3105,62.880192
3110,62.874877
3115,62.86158
3120,62.834997
3125,62.808156
3130,62.793236
3135,62.793632
3140,62.789828
3145,62.788727
3150,62.790129
3155,62.794615
3160,62.79504
3165,62.79504
3170,62.79504
3175,62.79504
3180,62.79504
3185,62.799839
3190,62.879768
3195,62.811782
3200,62.79504
3205,62.79504
3210,62.79504
3215,62.79504
3220,62.758056
3225,62.721202
3230,62.723182
3235,62.715441
3240,62.711026
3245,62.730827
3250,62.79504
3255,62.780851
3260,62.714534
3265,62.722816
3270,62.770944
3275,62.801427
3280,62.79504
3285,62.738022
3290,62.79741
3295,62.796344
3300,62.768014
3305,62.763683
3310,62.760563
3315,62.732832
3320,62.79504
3325,62.754901
3330,62.786203
3335,62.746535
3340,62.716114
3345,62.776933
3350,62.717943
3355,62.717595
3360,62.719739
3365,62.718799
3370,62.682961
