0,34.851828
5,34.851828
10,34.869222
15,34.854477
20,34.811092
25,34.844158
30,34.802231
35,34.812392
40,34.799328
45,34.828318
50,34.791477
55,34.769611
60,34.801664
65,34.794332
70,34.735457
75,34.772307
80,34.747842
85,34.790467
90,34.759039
95,34.793575
100,34.818566
105,34.782591
110,34.804219
115,34.818692
120,34.743974
125,34.830253
130,34.843927
135,34.887444
140,34.841484
145,34.810469
150,34.835789
155,34.840283
160,34.805817
165,34.825703
170,34.755649
175,34.782725
180,34.803575
185,34.811066
190,34.856021
195,34.845857
200,34.838766
205,34.774671
210,34.791222
215,34.823831
220,34.79634
225,34.767134
230,34.78687
235,34.767559
240,34.836771
245,34.796489
250,34.796448
255,34.804032
260,34.786763
265,34.837358
270,34.76094
275,34.859755
280,34.80091
285,34.793173
290,34.762365
295,34.781965
300,34.82472
305,34.760139
310,34.716785
315,34.755642
320,34.776069
325,34.773432
330,34.80136
335,34.763863
340,34.827054
345,34.752489
350,34.764229
355,34.721648
360,34.658256
365,34.687669
370,34.773093
375,34.701378
380,34.642238
385,34.691194
390,34.704278
395,34.663429
400,34.624149
405,34.655514
410,34.644921
415,34.699988
420,34.589827
425,34.631609
430,34.685455
435,34.710745
440,34.635611
445,34.578698
450,34.650592
455,34.648814
460,34.599405
465,34.609934
470,34.588062
475,34.633521
480,34.572969
485,34.67161
490,34.578035
495,34.652181
500,34.643065
505,34.585885
510,34.541949
515,34.554121
520,34.580186
525,34.584454
530,34.599197
535,34.594329
540,34.480617
545,34.538551
550,34.422269
555,34.577999
560,34.548309
565,34.598397
570,34.605648
575,34.530885
580,34.439565
585,34.480054
590,34.567116
595,34.519744
600,34.520443
605,34.51783
610,34.491021
615,34.499489
620,34.463551
625,34.497551
630,34.511889
635,34.442336
640,34.523856
645,34.518225
650,34.528717
655,34.573977
660,34.523601
665,34.497772
670,34.484679
675,34.563833
680,34.4854
685,34.474796
690,34.413372
695,34.538684
700,34.52489
705,34.51496
710,34.491054
715,34.419208
720,34.392116
725,34.44139
730,34.478244
735,34.435648
740,34.465125
745,34.487627
750,34.416846
755,34.452262
760,34.33543
765,34.422371
770,34.480538
775,34.466233
780,34.466323
785,34.395583
790,34.426383
795,34.452271
800,34.410389
805,34.4266
810,34.413422
815,34.38812
820,34.397297
825,34.390455
830,34.398922
835,34.300664
840,34.354394
845,34.356416
850,34.388769
855,34.408569
860,34.363717
865,34.361526
870,34.428965
875,34.331631
880,34.383243
885,34.397223
890,34.407153
895,34.346224
900,34.272932
905,34.343773
910,34.362516
915,34.312347
920,34.316691
925,34.329764
930,34.342276
935,34.322149
940,34.256655
945,34.3203
950,34.267114
955,34.341568
960,34.386416
965,34.350995
970,34.362559
975,34.376824
980,34.325272
985,34.306404
990,34.42691
995,34.365896
1000,34.332544
1005,34.344768
1010,34.320527
1015,34.426416
1020,34.346555
1025,34.333505
1030,34.363031
1035,34.298045
1040,34.296927
1045,34.369196
1050,34.369219
1055,34.319223
1060,34.34132
1065,34.33292
1070,34.387454
1075,34.35324
1080,34.393685
1085,34.348557
1090,34.359323
1095,34.346275
1100,34.361971
1105,34.297867
1110,34.304229
1115,34.339594
1120,34.253379
1125,34.300877
1130,34.387475
1135,34.343877
1140,34.345781
1145,34.439649
1150,34.28202
1155,34.344253
1160,34.3803
1165,34.396614
1170,34.359031
1175,34.378557
1180,34.38246
1185,34.355084
1190,34.412859
1195,34.358804
1200,34.378767
1205,34.322305
1210,34.301878
1215,34.321038
1220,34.294226
1225,34.284755
1230,34.304161
1235,34.27819
1240,34.293873
1245,34.307454
1250,34.238849
1255,34.22993
1260,34.175694
1265,34.212135
1270,34.177023
1275,34.220606
1280,34.294325
1285,34.261057
1290,34.21528
1295,34.273176
1300,34.287341
1305,34.247483
1310,34.202153
1315,34.222877
1320,34.224672
1325,34.177409
1330,34.205972
1335,34.214232
1340,34.201964
1345,34.174338
1350,34.151056
1355,34.174592
1360,34.176359
1365,34.174336
1370,34.149369
1375,34.133896
1380,34.127886
1385,34.096274
1390,34.117404
1395,34.068845
1400,34.155117
1405,34.262108
1410,34.165797
1415,34.173165
1420,34.105075
1425,34.215063
1430,34.232185
1435,34.208624
1440,34.127593
1445,34.190066
1450,34.097869
1455,34.150546
1460,34.118164
1465,34.086795
1470,34.021809
1475,34.104362
1480,34.074389
1485,34.124463
1490,34.085312
1495,34.067164
1500,34.060293
1505,34.087902
1510,34.073209
1515,34.073901
1520,34.123256
1525,34.03715
1530,34.002288
1535,33.987423
1540,34.082116
1545,34.026127
1550,33.956864
1555,33.991363
1560,34.01503
1565,34.040294
1570,34.013759
1575,34.022564
1580,33.944359
1585,34.020114
1590,33.95106
1595,33.961716
1600,34.012236
1605,33.96754
1610,33.980388
1615,33.970037
1620,34.062734
1625,34.041209
1630,34.054562
1635,34.048665
1640,34.005196
1645,34.008973
1650,33.964833
1655,34.015721
1660,33.998204
1665,33.981072
1670,34.003132
1675,34.012932
1680,34.031869
1685,34.05274
1690,34.038177
1695,34.035107
1700,34.075955
1705,34.049451
1710,34.081945
1715,34.035982
1720,34.126316
1725,33.988183
1730,34.008108
1735,34.005632
1740,34.063691
1745,34.037521
1750,33.991162
1755,33.993871
1760,34.035403
1765,33.940518
1770,33.976012
1775,33.928569
1780,33.971532
1785,33.918951
1790,33.953524
1795,33.977028
1800,33.876222
1805,33.979011
1810,33.939553
1815,33.987905
1820,34.000831
1825,33.992814
1830,34.010682
1835,33.995632
1840,34.013661
1845,33.965101
1850,33.991696
1855,33.993576
1860,34.002419
1865,33.953519
1870,33.948122
1875,33.932505
1880,33.963581
1885,33.953248
1890,33.913339
1895,33.941198
1900,33.946664
1905,33.966706
1910,33.915154
1915,33.925887
1920,33.898243
1925,33.870363
1930,33.840201
1935,33.951268
1940,33.961945
1945,33.913756
1950,33.88674
1955,33.934667
1960,33.857746
1965,33.917552
1970,33.960429
1975,33.945073
1980,33.969504
1985,33.915081
1990,33.91532
1995,33.933006
2000,33.891418
2005,33.935434
2010,33.972332
2015,33.962921
2020,33.974439
2025,33.965742
2030,34.047644
2035,34.019343
2040,33.965792
2045,33.979696
2050,34.019523
2055,33.961166
2060,33.991826
2065,33.944657
2070,33.943372
2075,33.935534
2080,33.877643
2085,33.922706
2090,33.968627
2095,33.939978
2100,33.924454
2105,33.882864
2110,33.763377
2115,33.866796
2120,33.88287
2125,33.829386
2130,33.854144
2135,33.809398
2140,33.809581
2145,33.779746
2150,33.842525
2155,33.794398
2160,33.765036
2165,33.721357
2170,33.732638
2175,33.725828
2180,33.703207
2185,33.71558
2190,33.694359
2195,33.69733
2200,33.708929
2205,33.610587
2210,33.565656
2215,33.633741
2220,33.621582
2225,33.570206
2230,33.618996
2235,33.577944
2240,33.580461
2245,33.562939
2250,33.642837
2255,33.557106
2260,33.479338
2265,33.543372
2270,33.559959
2275,33.590937
2280,33.574654
2285,33.496496
2290,33.456529
2295,33.484695
2300,33.517585
2305,33.443429
2310,33.48382
2315,33.525879
2320,33.50278
2325,33.497613
2330,33.456148
2335,33.426336
2340,33.467138
2345,33.521131
2350,33.475763
2355,33.516871
2360,33.463633
2365,33.438368
2370,33.458104
2375,33.438128
2380,33.417357
2385,33.448735
2390,33.458055
2395,33.493837
2400,33.489919
2405,33.476233
2410,33.460371
2415,33.505231
2420,33.475474
2425,33.475335
2430,33.575201
2435,33.50971
2440,32.918532
2445,22.170823
2450,21.861371
2455,18.471883
2460,13.340583
2465,9.9111042
2470,8.4618329
2475,8.4294011
2480,8.4277898
2485,8.4611092
2490,8.4623008
2495,8.4736571
2500,8.4438461
2505,8.4390275
2510,8.3919235
2515,8.4795058
2520,8.4081898
2525,8.3747124
2530,8.3784741
2535,8.3730394
2540,8.3922599
2545,8.3535068
2550,8.3653671
2555,8.3336621
2560,8.3788331
2565,8.403257
2570,8.3991672
2575,8.3708099
2580,8.350259
2585,8.3588867
2590,8.3594495
2595,8.362992
2600,8.3462883
2605,8.3589535
2610,8.3228129
2615,8.33401
2620,8.3297957
2625,8.3353427
2630,8.3629494
2635,8.3183995
2640,8.3498661
2645,8.3145717
2650,8.3130596
2655,8.3290224
2660,8.2843398
2665,8.3410858
2670,8.3164953
2675,8.3666777
2680,8.380679
2685,8.3054711
2690,8.3574204
2695,8.319952
2700,8.3579199
2705,8.3250328
2710,8.2959021
2715,8.3028687
2720,8.3263362
2725,8.2100907
2730,8.2453147
2735,8.2828891
2740,8.3031456
2745,8.3229482
2750,8.2943187
2755,8.2845704
2760,8.3050648
2765,8.232898
2770,8.1947572
2775,8.1797488
2780,8.1589288
2785,8.1265101
2790,8.0483518
2795,8.0454423
2800,8.0489047
2805,7.9820055
2810,7.9307587
2815,7.8797815
2820,7.8652109
2825,7.8717567
2830,7.8272522
2835,7.7283088
2840,7.7107862
2845,7.7061928
2850,7.6728543
2855,7.7430819
2860,7.6807659
2865,7.7213227
2870,7.7195779
2875,7.7029439
2880,7.7042345
2885,7.7219169
2890,7.6769943
2895,7.6719343
2900,7.7239815
2905,7.6737102
2910,7.6801135
2915,7.6337597
2920,7.6365308
2925,7.6494541
2930,7.7285457
2935,7.6537457
2940,7.6962915
2945,7.6338459
2950,7.6622516
2955,7.6652301
2960,7.5971607
2965,7.6075008
2970,7.5857775
2975,7.5953949
2980,7.6141526
2985,7.5351219
2990,7.6180621
2995,7.6061387
3000,7.5641763
3005,7.560422
3010,7.5403104
3015,7.553736
3020,7.5502746
3025,7.522314
3030,7.5247213
3035,7.5591324
3040,7.4897114
3045,7.481697
3050,7.4505267
3055,7.4897728
3060,7.4757607
3065,7.5010578
3070,7.447804
3075,7.4509167
3080,7.4342908
3085,7.514824
3090,7.4808044
3095,7.4932102
3100,7.4726397
3105,7.47089
3110,7.5556084
3115,7.4692805
3120,7.44394
3125,7.4371946
3130,7.3607611
3135,7.4182912
3140,7.4410504
3145,7.4083913
3150,7.4501926
3155,7.5072901
3160,7.4888028
3165,7.4856119
3170,7.4261412
3175,7.4071449
3180,7.4344266
3185,7.425401
3190,7.4510609
3195,7.4061359
3200,7.4228801
3205,7.3980948
3210,7.4334801
3215,7.4352056
3220,7.4623947
3225,7.385213
3230,7.3840212
3235,7.4006885
3240,7.3804941
3245,7.4045452
3250,7.4162579
3255,7.3296824
3260,7.3183088
3265,7.3100314
3270,7.2596748
3275,7.2194539
3280,7.1579947
3285,7.106937
3290,7.1068275
3295,7.165278
3300,7.1177863
3305,7.1795024
3310,7.1662494
3315,7.1307787
3320,7.0519148
3325,7.0984099
3330,7.0935853
3335,7.081842
3340,7.0258595
3345,7.0275252
3350,7.0708855
3355,7.124314
3360,7.1195352
3365,7.0660483
3370,7.0427882
3375,7.0670969
3380,7.0725578
3385,7.0836201
3390,7.1535651
3395,7.0847437
3400,7.022385
3405,6.9428771
3410,7.0045312
3415,6.995264
3420,7.0486902
3425,7.0326923
3430,7.1031347
3435,6.9968273
3440,7.0090303
3445,7.003807
3450,6.9967768
3455,6.9622741
3460,6.9660124
3465,6.9971974
3470,7.0173996
3475,7.0093285
3480,7.0066124
3485,6.9054463
3490,6.9673078
3495,6.9156062
3500,6.9566199
3505,6.9111835
3510,6.8866961
3515,6.9620015
3520,6.9953814
3525,6.9014257
3530,6.9077542
3535,6.9121534
3540,6.9142714
3545,6.9426278
3550,6.9382326
3555,6.8831243
3560,6.9720676
3565,6.936285
3570,6.9125947
3575,6.8686374
3580,6.8720985
3585,6.8563604
3590,6.8736166
3595,6.8850338
3600,6.850891
3605,6.8583305
3610,6.8595054
3615,6.840852
3620,6.7985626
3625,6.8662545
3630,6.8391322
3635,6.7046141
3640,6.7453167
3645,6.8575056
3650,6.7191783
3655,6.7636882
3660,6.7661889
3665,6.7189192
3670,6.751851
3675,6.68674
3680,6.6703638
3685,6.5999282
3690,6.5946323
3695,6.5645741
3700,6.5311295
3705,6.4621892
3710,6.5047096
3715,6.4829768
3720,6.4130747
3725,6.4766743
3730,6.3987094
3735,6.4032405
3740,6.4038242
3745,6.3747549
3750,6.3784463
3755,6.3793289
3760,6.3362665
3765,6.4309409
3770,6.3243293
3775,6.313346
3780,6.354556
3785,6.3064263
3790,6.3377942
3795,6.3449854
3800,6.3166611
3805,6.3404061
3810,6.3275773
3815,6.2783481
3820,6.41388
3825,6.3883636
3830,6.3783022
3835,6.3546146
3840,6.4102273
3845,6.3642175
3850,6.3632615
3855,6.3989094
3860,6.3466039
3865,6.2980287
3870,6.3507309
3875,6.3057748
3880,6.319648
3885,6.3212948
3890,6.2840312
3895,6.2984225
3900,6.233784
3905,6.2699547
3910,6.2739666
3915,6.2576881
3920,6.2878573
3925,6.3129925
3930,6.322104
3935,6.3111006
3940,6.2971446
3945,6.244582
3950,6.2645712
3955,6.2428014
3960,6.2176583
3965,6.239711
3970,6.2163607
3975,6.2378658
3980,6.1863637
3985,6.2298848
3990,6.2282674
3995,6.2382166
4000,6.1815076
4005,6.2071053
4010,6.2249483
4015,6.2099111
4020,6.1444436
4025,6.1253844
4030,6.0436705
4035,6.0743457
4040,6.120728
4045,6.0666563
4050,6.1199234
4055,6.1093968
4060,6.0817851
4065,6.0815477
4070,6.0474292
4075,5.959944
4080,5.9204596
4085,5.9670548
4090,5.9364535
4095,5.9320843
4100,5.9301732
4105,5.9098686
4110,5.8562489
4115,5.9002445
4120,5.8861608
4125,5.8318262
4130,5.9188765
4135,5.8334736
4140,5.7917711
4145,5.842576
4150,5.821197
4155,5.8014197
4160,5.872481
4165,5.7971731
4170,5.7998736
4175,5.7389935
4180,5.759078
4185,5.7095493
4190,5.7434654
4195,5.6870033
4200,5.758025
4205,5.6837618
4210,5.7092355
4215,5.6694621
4220,5.717125
4225,5.7171081
4230,5.6111479
4235,5.5827528
4240,5.6161407
4245,5.7082099
4250,5.6641326
4255,5.6367789
4260,5.6270574
4265,5.6691419
4270,5.6085887
4275,5.6877821
4280,5.7653295
4285,5.6549287
4290,5.6541705
4295,5.6364565
4300,5.6365362
4305,5.6972725
4310,5.6793621
4315,5.6509945
4320,5.6381772
4325,5.6982088
4330,5.7332605
4335,5.7173254
4340,5.6749026
4345,5.7121807
4350,5.661647
4355,5.6854598
4360,5.6288439
4365,5.6054851
4370,5.681989
4375,5.691222
4380,5.704888
4385,5.6266196
4390,5.680934
4395,5.6358176
4400,5.6998165
4405,5.6504852
4410,5.5788955
4415,5.5196536
4420,5.6147995
4425,5.6174316
4430,5.6204203
4435,5.5934933
4440,5.629937
4445,5.5943186
4450,5.6069366
4455,5.6274941
4460,5.6344544
4465,5.5791902
4470,5.538351
4475,5.5521419
4480,5.5752957
4485,5.5806768
4490,5.5931845
4495,5.4666105
4500,5.3656017
4505,5.4369571
4510,5.4868308
4515,5.488187
4520,5.3649853
4525,5.5016341
4530,5.4543859
4535,5.3327803
4540,5.3810711
4545,5.3218582
4550,5.4554076
4555,5.3353265
4560,5.3777459
4565,5.4372281
4570,5.4001915
4575,5.4101465
4580,5.4270779
4585,5.394679
4590,5.411915
4595,5.404447
4600,5.3837561
4605,5.3773469
4610,5.3304562
4615,5.4599683
4620,5.3725284
4625,5.3657896
4630,5.3055559
4635,5.3557939
4640,5.4139131
4645,5.3532675
4650,5.3709301
4655,5.3651781
4660,5.3708566
4665,5.4462549
4670,5.4464927
4675,5.405775
4680,5.4133278
4685,5.3998042
4690,5.4181017
4695,5.4392736
4700,5.473322
4705,5.4581031
4710,5.4170469
4715,5.4704217
4720,5.4550188
4725,5.4670149
4730,5.5096633
4735,5.5158729
4740,5.6057771
4745,5.5128311
4750,5.5914773
4755,5.523262
4760,5.5325176
4765,5.5139081
4770,5.5169699
4775,5.5825909
4780,5.5468005
4785,5.574962
4790,5.5377572
4795,5.5367474
4800,5.5124756
4805,5.488947
4810,5.4092231
