0,-46.937022
5,-46.937022
10,-46.937022
15,-46.937022
20,-46.937022
25,-46.937022
30,-46.937022
35,-46.937022
40,-46.937022
45,-46.937022
50,-46.937022
55,-46.937022
60,-46.937022
65,-46.937022
70,-46.937022
75,-46.937022
80,-46.937022
85,-46.937022
90,-46.937022
95,-46.937022
100,-46.937022
105,-46.937022
110,-46.937022
115,-46.937022
120,-46.937022
125,-46.937022
130,-46.937022
135,-46.937022
140,-46.937022
145,-46.937022
150,-46.937022
155,-46.937022
160,-46.937022
165,-46.937022
170,-46.937022
175,-46.937022
180,-46.937022
185,-46.937022
190,-46.937022
195,-46.937022
200,-46.937022
205,-46.937022
210,-46.937022
215,-46.937022
220,-46.937022
225,-46.937022
230,-46.937022
235,-46.937022
240,-46.937022
245,-46.937022
250,-46.937022
255,-46.937022
260,-46.937022
265,-46.937022
270,-46.937022
275,-46.937022
280,-46.937022
285,-46.937022
290,-46.937022
295,-46.937022
300,-46.937022
305,-46.937022
310,-46.937022
315,-46.937022
320,-46.937022
325,-46.937022
330,-46.937022
335,-46.937022
340,-46.937022
345,-46.937022
350,-46.937022
355,-46.937022
360,-46.937022
365,-46.937022
370,-46.937022
375,-46.937022
380,-46.937022
385,-46.937022
390,-46.937022
395,-46.937022
400,-46.937022
405,-46.937022
410,-46.937022
415,-46.937022
420,-46.937022
425,-46.937022
430,-46.937022
435,-46.937022
440,-46.937022
445,-46.937022
450,-46.937022
455,-46.937022
460,-46.937022
465,-46.937022
470,-46.937022
475,-46.937022
480,-46.937022
485,-46.937022
490,-46.937022
495,-46.937022
500,-46.937022
505,-46.937022
510,-46.937022
515,-46.937022
520,-46.937022
525,-46.937022
530,-46.937022
535,-46.937022
540,-46.937022
545,-46.937022
550,-46.937022
555,-46.937022
560,-46.937022
565,-46.937022
570,-46.937022
575,-46.937022
580,-46.937022
585,-46.937022
590,-46.937022
595,-46.937022
600,-46.937022
605,-46.937022
610,-46.937022
615,-46.937022
620,-46.937022
625,-46.937022
630,-46.937022
635,-46.937022
640,-46.937022
645,-46.937022
650,-46.937022
655,-46.937022
660,-46.937022
665,-46.937022
670,-46.937022
675,-46.937022
680,-46.937022
685,-46.937022
690,-46.937022
695,-46.937022
700,-46.937022
705,-46.937022
710,-46.937022
715,-46.937022
720,-46.937022
725,-46.937022
730,-46.937022
735,-46.937022
740,-46.937022
745,-46.937022
750,-46.937022
755,-46.937022
760,-46.937022
765,-46.937022
770,-46.937022
775,-46.937022
780,-46.937022
785,-46.937022
790,-46.937022
795,-46.937022
800,-46.937022
805,-46.937022
810,-46.937022
815,-46.937022
820,-46.937022
825,-46.937022
830,-46.937022
835,-46.937022
840,-46.937022
845,-46.937022
850,-46.937022
855,-46.937022
860,-46.937022
865,-46.937022
870,-46.937022
875,-46.937022
880,-46.937022
885,-46.937022
890,-46.937022
895,-46.937022
900,-46.937022
905,-46.937022
910,-46.937022
915,-46.937022
920,-46.937022
925,-46.937022
930,-46.937022
935,-46.937022
940,-46.937022
945,-46.937022
950,-46.937022
955,-46.937022
960,-46.937022
965,-46.937022
970,-46.937022
975,-46.937022
980,-46.937022
985,-46.937022
990,-46.937022
995,-46.937022
1000,-46.937022
1005,-46.937022
1010,-46.937022
1015,-46.937022
1020,-46.937022
1025,-46.937022
1030,-46.937022
1035,-46.937022
1040,-46.937022
1045,-46.937022
1050,-46.937022
1055,-46.937022
1060,-46.937022
1065,-46.937022
1070,-46.937022
1075,-46.937022
1080,-46.937022
1085,-46.937022
1090,-46.937022
1095,-46.937022
1100,-46.937022
1105,-46.937022
1110,-46.937022
1115,-46.937022
1120,-46.937022
1125,-46.937022
1130,-46.937022
1135,-46.937022
1140,-46.937022
1145,-46.937022
1150,-46.937022
1155,-46.937022
1160,-46.937022
1165,-46.937022
1170,-46.937022
1175,-46.937022
1180,-46.937022
1185,-46.937022
1190,-46.937022
1195,-46.937022
1200,-46.937022
1205,-46.937022
1210,-46.937022
1215,-46.937022
1220,-46.937022
1225,-46.937022
1230,-46.937022
1235,-46.937022
1240,-46.937022
1245,-46.937022
1250,-46.937022
1255,-46.937022
1260,-46.937022
1265,-46.937022
1270,-46.937022
1275,-46.937022
1280,-46.937022
1285,-46.937022
1290,-46.937022
1295,-46.937022
1300,-46.937022
1305,-46.937022
1310,-46.937022
1315,-46.937022
1320,-46.937022
1325,-46.937022
1330,-46.937022
1335,-46.937022
1340,-46.937022
1345,-46.937022
1350,-46.937022
1355,-46.937022
1360,-46.937022
1365,-46.937022
1370,-46.937022
1375,-46.937022
1380,-46.937022
1385,-46.937022
1390,-46.937022
1395,-46.937022
1400,-46.937022
1405,-46.937022
1410,-46.937022
1415,-46.937022
1420,-46.937022
1425,-46.937022
1430,-46.937022
1435,-46.937022
1440,-46.937022
1445,-46.937022
1450,-46.937022
1455,-46.937022
1460,-46.937022
1465,-46.937022
1470,-46.937022
1475,-46.937022
1480,-46.937022
1485,-46.937022
1490,-46.937022
1495,-46.937022
1500,-46.937022
1505,-46.937022
1510,-46.937022
1515,-46.937022
1520,-46.937022
1525,-46.937022
1530,-46.937022
1535,-46.937022
1540,-46.937022
1545,-46.937022
1550,-46.937022
1555,-46.937022
1560,-46.937022
1565,-46.937022
1570,-46.937022
1575,-46.937022
1580,-46.937022
1585,-46.937022
1590,-46.937022
1595,-46.937022
1600,-46.937022
1605,-46.937022
1610,-46.937022
1615,-46.937022
1620,-46.937022
1625,-46.937022
1630,-46.937022
1635,-46.937022
1640,-46.937022
1645,-46.937022
1650,-46.937022
1655,-46.937022
1660,-46.937022
1665,-46.937022
1670,-46.937022
1675,-46.937022
1680,-46.937022
1685,-46.937022
1690,-46.937022
1695,-46.937022
1700,-46.937022
1705,-46.937022
1710,-46.937022
1715,-46.937022
1720,-46.937022
1725,-46.937022
1730,-46.937022
1735,-46.937022
1740,-46.937022
1745,-46.937022
1750,-46.937022
1755,-46.937022
1760,-46.937022
1765,-46.937022
1770,-46.937022
1775,-46.937022
1780,-46.937022
1785,-46.937022
1790,-46.937022
1795,-46.937022
1800,-46.937022
1805,-46.937022
1810,-46.937022
1815,-46.937022
1820,-46.937022
1825,-46.937022
1830,-46.937022
1835,-46.937022
1840,-46.937022
1845,-46.937022
1850,-46.937022
1855,-46.937022
1860,-46.937022
1865,-46.937022
1870,-46.937022
1875,-46.937022
1880,-46.937022
1885,-46.937022
1890,-46.937022
1895,-46.937022
1900,-46.937022
1905,-46.937022
1910,-46.937022
1915,-46.937022
1920,-46.937022
1925,-46.937022
1930,-46.937022
1935,-46.937022
1940,-46.937022
1945,-46.937022
1950,-46.937022
1955,-46.937022
1960,-46.937022
1965,-46.937022
1970,-46.937022
1975,-46.937022
1980,-46.937022
1985,-46.937022
1990,-46.937022
1995,-46.937022
2000,-46.937022
2005,-46.937022
2010,-46.937022
2015,-46.937022
2020,-46.937022
2025,-46.937022
2030,-46.937022
2035,-46.937022
2040,-46.937022
2045,-46.937022
2050,-46.937022
2055,-46.937022
2060,-46.937022
2065,-46.937022
2070,-46.937022
2075,-46.937022
2080,-46.937022
2085,-46.937022
2090,-46.937022
2095,-46.937022
2100,-46.937022
2105,-46.937022
2110,-46.937022
2115,-46.937022
2120,-46.937022
2125,-46.937022
2130,-46.937022
2135,-46.937022
2140,-46.937022
2145,-46.937022
2150,-46.937022
2155,-46.937022
2160,-46.937022
2165,-46.937022
2170,-46.937022
2175,-46.937022
2180,-46.937022
2185,-46.937022
2190,-46.937022
2195,-46.937022
2200,-46.937022
2205,-46.937022
2210,-46.937022
2215,-46.937022
2220,-46.937022
2225,-46.937022
2230,-46.937022
2235,-46.937022
2240,-46.937022
2245,-46.937022
2250,-46.937022
2255,-46.937022
2260,-46.937022
2265,-46.937022
2270,-46.937022
2275,-46.937022
2280,-46.937022
2285,-46.937022
2290,-46.937022
2295,-46.937022
2300,-46.937022
2305,-46.937022
2310,-46.937022
2315,-46.937022
2320,-46.937022
2325,-46.937022
2330,-46.937022
2335,-46.937022
2340,-46.937022
2345,-46.937022
2350,-46.937022
2355,-46.937022
2360,-46.937022
2365,-46.937022
2370,-46.937022
2375,-46.937022
2380,-46.937022
2385,-46.937022
2390,-46.937022
2395,-46.937022
2400,-46.937022
2405,-46.937022
2410,-46.937022
2415,-46.937022
2420,-46.937022
2425,-46.937022
2430,-46.937022
2435,-46.937022
2440,-46.937022
2445,-46.937022
2450,-46.937022
2455,-46.937022
2460,-46.937022
2465,-46.937022
2470,-46.937022
2475,-46.937022
2480,-46.937022
2485,-46.937022
2490,-46.937022
2495,-46.937022
2500,-46.937022
2505,-46.937022
2510,-46.937022
2515,-46.937022
2520,-46.937022
2525,-46.937022
2530,-46.937022
2535,-46.937022
2540,-46.937022
2545,-46.937022
2550,-46.937022
2555,-46.937022
2560,-46.937022
2565,-46.937022
2570,-46.937022
2575,-46.937022
2580,-46.937022
2585,-46.937022
2590,-46.937022
2595,-46.937022
2600,-46.937022
2605,-46.937022
2610,-46.937022
2615,-46.937022
2620,-46.937022
2625,-46.937022
2630,-46.937022
2635,-46.937022
2640,-46.937022
2645,-46.937022
2650,-46.937022
2655,-46.937022
2660,-46.937022
2665,-46.937022
2670,-46.937022
2675,-46.937022
2680,-46.937022
2685,-46.937022
2690,-46.937022
2695,-46.937022
2700,-46.937022
2705,-46.937022
2710,-46.937022
2715,-46.937022
2720,-46.937022
2725,-46.937022
2730,-46.937022
2735,-46.937022
2740,-46.937022
2745,-46.937022
2750,-46.937022
2755,-46.937022
2760,-46.937022
2765,-46.937022
2770,-46.937022
2775,-46.937022
2780,-46.937022
2785,-46.937022
2790,-46.937022
2795,-46.937022
2800,-46.937022
2805,-46.937022
2810,-46.937022
2815,-46.937022
2820,-46.937022
2825,-46.937022
2830,-46.937022
2835,-46.937022
2840,-46.937022
2845,-46.937022
2850,-46.937022
2855,-46.937022
2860,-46.937022
2865,-46.937022
2870,-46.937022
2875,-46.937022
2880,-46.937022
2885,-46.937022
2890,-46.937022
2895,-46.937022
2900,-46.937022
2905,-46.937022
2910,-46.937022
2915,-46.937022
2920,-46.937022
2925,-46.937022
2930,-46.937022
2935,-46.937022
2940,-46.937022
2945,-46.937022
2950,-46.937022
2955,-46.937022
2960,-46.937022
2965,-46.937022
2970,-46.937022
2975,-46.937022
2980,-46.937022
2985,-46.937022
2990,-46.937022
2995,-46.937022
3000,-46.937022
3005,-46.937022
3010,-46.937022
3015,-46.937022
3020,-46.937022
3025,-46.937022
3030,-46.937022
3035,-46.937022
3040,-46.937022
3045,-46.937022
3050,-46.937022
3055,-46.937022
3060,-46.937022
3065,-46.937022
3070,-46.937022
3075,-46.937022
3080,-46.937022
3085,-46.937022
3090,-46.937022
3095,-46.937022
3100,-46.937022
3105,-46.937022
3110,-46.937022
3115,-46.937022
3120,-46.937022
3125,-46.937022
3130,-46.937022
3135,-46.937022
3140,-46.937022
3145,-46.937022
3150,-46.937022
3155,-46.937022
3160,-46.937022
3165,-46.937022
3170,-46.937022
3175,-46.937022
3180,-46.937022
3185,-46.937022
3190,-46.937022
3195,-46.937022
3200,-46.937022
3205,-46.937022
3210,-46.937022
3215,-46.937022
3220,-46.937022
3225,-46.937022
3230,-46.937022
3235,-46.937022
3240,-46.937022
3245,-46.937022
3250,-46.937022
3255,-46.937022
3260,-46.937022
3265,-46.937022
3270,-46.937022
3275,-46.937022
3280,-46.937022
3285,-46.937022
3290,-46.937022
3295,-46.937022
3300,-46.937022
3305,-46.937022
3310,-46.937022
3315,-46.937022
3320,-46.937022
3325,-46.937022
3330,-46.937022
3335,-46.937022
3340,-46.937022
3345,-46.937022
3350,-46.937022
3355,-46.937022
3360,-46.937022
3365,-46.937022
3370,-46.937022
3375,-46.937022
3380,-46.937022
3385,-46.937022
3390,-46.937022
3395,-46.937022
3400,-46.937022
3405,-46.937022
3410,-46.937022
3415,-46.937022
3420,-46.937022
3425,-46.937022
3430,-46.937022
3435,-46.937022
3440,-46.937022
3445,-46.937022
3450,-46.937022
3455,-46.937022
3460,-46.937022
3465,-46.937022
3470,-46.937022
3475,-46.937022
3480,-46.937022
3485,-46.937022
3490,-46.937022
3495,-46.937022
3500,-46.937022
3505,-46.937022
3510,-46.937022
3515,-46.937022
3520,-46.937022
3525,-46.937022
3530,-46.937022
3535,-46.937022
3540,-46.937022
3545,-46.937022
3550,-46.937022
3555,-46.937022
3560,-46.937022
3565,-46.937022
3570,-46.937022
3575,-46.937022
3580,-46.937022
3585,-46.937022
3590,-46.937022
3595,-46.937022
3600,-46.937022
3605,-46.937022
3610,-46.937022
3615,-46.937022
3620,-46.937022
3625,-46.937022
3630,-46.937022
3635,-46.937022
3640,-46.937022
3645,-46.937022
3650,-46.937022
3655,-46.937022
3660,-46.937022
3665,-46.937022
3670,-46.937022
3675,-46.937022
3680,-46.937022
3685,-46.937022
3690,-46.937022
3695,-46.937022
3700,-46.937022
3705,-46.937022
3710,-46.937022
3715,-46.937022
3720,-46.937022
3725,-46.937022
3730,-46.937022
3735,-46.937022
3740,-46.937022
3745,-46.937022
3750,-46.937022
3755,-46.937022
3760,-46.937022
3765,-46.937022
3770,-46.937022
3775,-46.937022
3780,-46.937022
3785,-46.937022
3790,-46.937022
3795,-46.937022
3800,-46.937022
3805,-46.937022
3810,-46.937022
3815,-46.937022
3820,-46.937022
3825,-46.937022
3830,-46.937022
3835,-46.937022
3840,-46.937022
3845,-46.937022
3850,-46.937022
3855,-46.937022
3860,-46.937022
3865,-46.937022
3870,-46.937022
3875,-46.937022
3880,-46.937022
3885,-46.937022
3890,-46.937022
3895,-46.937022
3900,-46.937022
3905,-46.937022
3910,-46.937022
3915,-46.937022
3920,-46.937022
3925,-46.937022
3930,-46.937022
3935,-46.937022
3940,-46.937022
3945,-46.937022
3950,-46.937022
3955,-46.937022
3960,-46.937022
3965,-46.937022
3970,-46.937022
3975,-46.937022
3980,-46.937022
3985,-46.937022
3990,-46.937022
3995,-46.937022
4000,-46.937022
4005,-46.937022
4010,-46.937022
4015,-46.937022
4020,-46.937022
4025,-46.937022
4030,-46.937022
4035,-46.937022
4040,-46.937022
4045,-46.937022
4050,-46.937022
4055,-46.937022
4060,-46.937022
4065,-46.937022
4070,-46.937022
4075,-46.937022
4080,-46.937022
4085,-46.937022
4090,-46.937022
4095,-46.937022
4100,-46.937022
4105,-46.937022
4110,-46.937022
4115,-46.937022
4120,-46.937022
4125,-46.937022
4130,-46.937022
4135,-46.937022
4140,-46.937022
4145,-46.937022
4150,-46.937022
4155,-46.937022
4160,-46.937022
4165,-46.937022
4170,-46.937022
4175,-46.937022
4180,-46.937022
4185,-46.937022
4190,-46.937022
4195,-46.937022
4200,-46.937022
4205,-46.937022
4210,-46.937022
4215,-46.937022
4220,-46.937022
4225,-46.937022
4230,-46.937022
4235,-46.937022
4240,-46.937022
4245,-46.937022
4250,-46.937022
4255,-46.937022
4260,-46.937022
4265,-46.937022
4270,-46.937022
4275,-46.937022
4280,-46.937022
4285,-46.937022
4290,-46.937022
4295,-46.937022
4300,-46.937022
4305,-46.937022
4310,-46.937022
4315,-46.937022
4320,-46.937022
4325,-46.937022
4330,-46.937022
4335,-46.937022
4340,-46.937022
4345,-46.937022
4350,-46.937022
4355,-46.937022
4360,-46.937022
4365,-46.937022
4370,-46.937022
4375,-46.937022
4380,-46.937022
4385,-46.937022
4390,-46.937022
4395,-46.937022
4400,-46.937022
4405,-46.937022
4410,-46.937022
4415,-46.937022
4420,-46.937022
4425,-46.937022
4430,-46.937022
4435,-46.937022
4440,-46.937022
4445,-46.937022
4450,-46.937022
4455,-46.937022
4460,-46.937022
4465,-46.937022
4470,-46.937022
4475,-46.937022
4480,-46.937022
4485,-46.937022
4490,-46.937022
4495,-46.937022
4500,-46.937022
4505,-46.937022
4510,-46.937022
4515,-46.937022
4520,-46.937022
4525,-46.937022
4530,-46.937022
4535,-46.937022
4540,-46.937022
4545,-46.937022
4550,-46.937022
4555,-46.937022
4560,-46.937022
4565,-46.937022
4570,-46.937022
4575,-46.937022
4580,-46.937022
4585,-46.937022
4590,-46.937022
4595,-46.937022
4600,-46.937022
4605,-46.937022
4610,-46.937022
4615,-46.937022
4620,-46.937022
4625,-46.937022
4630,-46.937022
4635,-46.937022
4640,-46.937022
4645,-46.937022
4650,-46.937022
4655,-46.937022
4660,-46.937022
4665,-46.937022
4670,-46.937022
4675,-46.937022
4680,-46.937022
4685,-46.937022
4690,-46.937022
4695,-46.937022
4700,-46.937022
4705,-46.937022
4710,-46.937022
4715,-46.937022
4720,-46.937022
4725,-46.937022
4730,-46.937022
4735,-46.937022
4740,-46.937022
4745,-46.937022
4750,-46.937022
4755,-46.937022
4760,-46.937022
4765,-46.937022
4770,-46.937022
4775,-46.937022
4780,-46.937022
4785,-46.937022
4790,-46.937022
4795,-46.937022
4800,-46.937022
4805,-46.937022
4810,-46.937022
