specimen,stage,sigma_n_MPa,slip_um,R,a_h0,a_sigma,chi_am,lam_dil,a_gouge,recon,a_h,clamp,a_h_paper,k_1e13
SW-T1,1,65607500.2852,0.0000,1.0000,1.6300,0.0000,0.0000,0.0000,0.0000,1.6300,1.6300,-0.0000,1.6300,2.2141
SW-T1,2,63372761.9577,0.0000,1.0000,1.6300,0.0000,0.0000,0.0000,0.0000,1.6300,1.6300,-0.0000,1.5900,2.2141
SW-T1,3,61050142.5703,0.0000,1.0000,1.6300,0.0000,0.0000,0.0000,0.0000,1.6300,1.6300,-0.0000,1.6200,2.2141
SW-T1,4,58664649.5699,0.0049,1.0000,1.6300,0.0000,0.0000,0.0000,0.0000,1.6300,1.6300,-0.0000,1.6600,2.2141
SW-T1,5,56293330.3565,0.9141,0.9944,1.6300,0.0000,0.0000,0.0000,0.0000,1.6300,1.6300,-0.0000,1.7200,2.2141
SW-T1,6,32150667.4516,533.6904,0.1256,1.6300,0.0000,2.3902,0.0000,0.0000,4.0202,4.0307,0.0106,4.0500,13.4689
SW-T1,7,36389401.1902,533.6909,0.1256,1.6300,0.0000,2.1258,0.0000,0.0000,3.7558,3.8124,0.0566,3.8100,11.7617
SW-T1,8,40300050.4085,533.6909,0.1256,1.6300,0.0000,1.9579,0.0000,0.0000,3.5879,3.6661,0.0782,3.6100,10.7543
SW-T1,9,43633822.6023,533.6909,0.1256,1.6300,0.0000,1.8492,0.0000,0.0000,3.4792,3.5652,0.0860,3.4900,10.1384
SW-T1,10,46354842.4712,533.6909,0.1256,1.6300,0.0000,1.7761,0.0000,0.0000,3.4061,3.4929,0.0868,3.4000,9.7424
SW-T1,11,48548312.8029,533.6909,0.1256,1.6300,0.0000,1.7248,0.0000,0.0000,3.3548,3.4389,0.0842,3.3600,9.4745
SW-T2,1,66362595.4340,0.0000,1.0000,2.1100,0.0001,0.0000,0.0000,0.0000,2.1101,2.1101,0.0000,2.1100,3.7104
SW-T2,2,64311179.2238,0.0000,1.0000,2.1100,0.0005,0.0000,0.0000,0.0000,2.1105,2.1105,-0.0000,2.1300,3.7118
SW-T2,3,62252421.3456,0.0000,1.0000,2.1100,0.0010,0.0000,0.0000,0.0000,2.1110,2.1110,-0.0000,2.1600,3.7136
SW-T2,4,60147362.1744,0.0824,1.0000,2.1100,0.0016,0.0000,0.0000,0.0000,2.1116,2.1116,-0.0000,2.3100,3.7159
SW-T2,5,58240209.3686,2.9545,0.9817,2.1100,0.0023,0.0006,0.0000,0.0000,2.1129,2.1151,0.0022,2.6900,3.7203
SW-T2,6,31283874.4068,566.0741,0.1205,2.1100,0.0886,2.5058,0.0000,0.0000,4.7044,4.7778,0.0734,4.9200,18.4502
SW-T2,7,34765568.1567,566.0741,0.1205,2.1100,0.0519,2.4237,0.0000,0.0000,4.5856,4.6433,0.0577,4.5400,17.5232
SW-T2,8,38019313.6054,566.0741,0.1205,2.1100,0.0316,2.3761,0.0000,0.0000,4.5177,4.5536,0.0359,4.3900,17.0116
SW-T2,9,41062354.7443,566.0741,0.1205,2.1100,0.0203,2.3477,0.0000,0.0000,4.4780,4.4916,0.0135,4.3000,16.7190
SW-T2,10,43907577.3281,566.0741,0.1205,2.1100,0.0139,2.3303,0.0000,0.0000,4.4541,4.4469,-0.0072,4.2400,16.5449
SW-T2,11,46545266.6481,566.0741,0.1205,2.1100,0.0100,2.3192,0.0000,0.0000,4.4392,4.4138,-0.0254,4.2100,16.4367
SW-S3,1,32043205.6777,0.0000,0.6400,1.2200,0.0013,0.0000,0.0000,0.0000,1.2213,1.2215,0.0002,1.2200,1.2430
SW-S3,2,30288851.9838,0.0000,0.6400,1.2200,0.0139,0.0001,0.0000,0.0000,1.2341,1.2342,0.0002,1.2100,1.2691
SW-S3,3,28456885.6821,0.0000,0.6400,1.2200,0.0329,0.0005,0.0000,0.0000,1.2534,1.2537,0.0002,1.2000,1.3094
SW-S3,4,26441320.4978,0.0000,0.6400,1.2200,0.0621,0.0011,0.0000,0.0000,1.2832,1.2837,0.0005,1.2600,1.3728
SW-S3,5,23865955.4297,0.6975,0.6313,1.2200,0.1174,0.0025,0.0095,0.0000,1.3494,1.3514,0.0020,1.2500,1.5195
SW-S3,6,15255947.2660,74.4420,0.1830,1.2200,0.5419,0.0484,0.5682,0.3102,2.0682,2.0623,-0.0060,2.1000,3.6189
SW-S3,7,17814775.9136,74.4420,0.1830,1.2200,0.3677,0.0439,0.5682,0.3102,1.8896,1.8967,0.0071,1.8100,3.0119
SW-S3,8,20305418.9340,74.4420,0.1830,1.2200,0.2342,0.0411,0.5682,0.3102,1.7533,1.7673,0.0140,1.7200,2.5845
SW-S3,9,22754925.8993,74.4420,0.1830,1.2200,0.1417,0.0393,0.5682,0.3102,1.6589,1.6736,0.0147,1.6800,2.3092
SW-S3,10,24837958.9146,74.4420,0.1830,1.2200,0.0882,0.0382,0.5682,0.3102,1.6044,1.6170,0.0125,1.6600,2.1585
SW-S3,11,26791170.2357,74.4420,0.1830,1.2200,0.0534,0.0376,0.5682,0.3102,1.5689,1.5790,0.0101,1.6400,2.0636
SW-S4,1,31552774.5821,0.0000,0.4500,0.7400,0.0004,0.0000,0.0000,0.0000,0.7404,0.7405,0.0001,0.7400,0.4568
SW-S4,2,29688984.9111,0.0000,0.4500,0.7400,0.0150,0.0002,0.0000,0.0000,0.7553,0.7551,-0.0002,0.7500,0.4755
SW-S4,3,27658376.2421,0.0031,0.4500,0.7400,0.0410,0.0007,0.0000,0.0000,0.7818,0.7801,-0.0017,0.7900,0.5097
SW-S4,4,25170466.9331,3.2650,0.4358,0.7400,0.0791,0.0031,0.0100,0.0000,0.8321,0.8292,-0.0029,0.8300,0.5790
SW-S4,5,20408700.1985,47.6366,0.2926,0.7400,0.1790,0.0239,0.1091,0.1689,0.8831,0.8787,-0.0044,0.9000,0.6554
SW-S4,6,15618075.2333,81.3846,0.2263,0.7400,0.3200,0.0426,0.1580,0.2440,1.0166,1.0091,-0.0075,1.0700,0.8764
SW-S4,7,17805689.2899,82.3403,0.2248,0.7400,0.2488,0.0386,0.1592,0.2451,0.9416,0.9361,-0.0055,0.9400,0.7483
SW-S4,8,19898939.5631,82.3403,0.2248,0.7400,0.1895,0.0357,0.1592,0.2451,0.8793,0.8758,-0.0035,0.8500,0.6497
SW-S4,9,21846006.8481,82.3403,0.2248,0.7400,0.1420,0.0339,0.1592,0.2451,0.8299,0.8283,-0.0016,0.8100,0.5768
SW-S4,10,23695415.0941,82.3403,0.2248,0.7400,0.1034,0.0326,0.1592,0.2451,0.7902,0.7902,0.0000,0.7700,0.5217
SW-S4,11,25375132.2258,82.3403,0.2248,0.7400,0.0736,0.0318,0.1592,0.2451,0.7595,0.7607,0.0012,0.7400,0.4814
