time,aperture_open_pp,axial_command_m_pp,bb_dilation_angle_pp,bb_effective_normal_stress_pp,bb_jrc_mobilized_pp,bb_law_normal_stress_pp,bb_limit_tau_pp,bb_mu_peak_pp,bb_normal_closure_pp,bb_normal_closure_um_pp,bb_normal_stiffness_tangent_pp,bb_peak_friction_angle_pp,bulk_delta_x_pp,bulk_delta_z_pp,bulk_disp_x_lower_pp,bulk_disp_x_upper_pp,bulk_disp_z_lower_pp,bulk_disp_z_upper_pp,bulk_normal_dilation_paper_mm_pp,bulk_shear_slip_mm_pp,cohesion_effective_pp,cumulative_dilation_pp,cumulative_plastic_slip_pp,czm_dn_pp,czm_dn_total_pp,czm_ds_1_pp,czm_ds_2_pp,czm_normal_dilation_paper_mm_pp,czm_shear_slip_mm_pp,czm_sigma_n_pp,czm_tau_1_pp,czm_tau_2_pp,differential_stress_biot_corrected_injection_pp,differential_stress_biot_corrected_pp,differential_stress_mpa_pp,differential_stress_reaction_mpa_pp,differential_stress_skeleton_bulk_pp,dilation_jump_increment_pp,effective_normal_compression_mpa_pp,effective_normal_compression_pp,effective_normal_paper_frame_mpa_pp,flow_mass_imbalance_fraction_pp,flow_rate_mesh_geometry_ml_min_pp,flow_rate_outlet_residual_volume_ml_min_pp,flow_rate_pp,flow_rate_reference_area_ml_min_pp,flow_rate_residual_volume_ml_min_pp,flow_rate_validation_ml_min_pp,frac_normal_dilation_paper_mm,frac_normal_jump_avg,fracture_interface_area_pp,fracture_permeability_1e13_m2_pp,fracture_permeability_pp,fracture_pressure_mean_pp,friction_coefficient_effective_pp,hydraulic_aperture_pp,hydraulic_aperture_um_pp,inj_reaction_sum_pp,injection_pressure_pp,interface_pressure_pp,limit_tau_pp,machine_spring_gap_m_pp,machine_spring_sigma1_mpa_pp,mechanical_aperture_pp,mechanical_aperture_raw_pp,normal_stress_aperture_pp,normal_stress_aperture_um_pp,plastic_slip_increment_pp,pp_drop_pp,pp_outlet_pp,prod_reaction_sum_pp,reaction_vs_machine_spring_mpa_pp,reported_czm_shear_slip_mm_pp,roughness_state_pp,shear_stress_paper_frame_mpa_pp,shear_traction_magnitude_pa,sigma1_fault_mpa_pp,sigma1_pp,sigma1_reaction_mpa_pp,sigma3_bulk_mpa_pp,sigma3_fault_mpa_pp,slip_damage_aperture_pp,slip_damage_aperture_um_pp,stress_xx_bulk_pp,stress_xx_fault_pp,stress_zz_fault_pp,stress_zz_top_pp,top_boundary_area_pp,top_disp_z_mean_m_pp,top_reaction_z_abs,top_reaction_z_raw
0,0,0,0,0,0,0,0,0,0,0,0,0,0,0,0,0,0,0,0,0,0,0,0,0,0,0,0,0,0,0,0,0,0,0,0,0,0,0,0,0,0,0,0,0,0,0,0,0,0,0,0,0,0,0,0,0,0,0,0,0,0,0,0,0,0,0,0,0,0,0,0,0,0,0,0,0,0,0,0,0,0,0,0,0,0,0,0,0,0,0,0
0.5,3.4425450408238e-08,-8.133608e-05,2.296,30785758.715475,12.1,30785758.715475,38787323.193671,1.2599112445543,4.4295575113982e-05,44.295575113982,6025670953790,51.560733129873,3.1777494960336e-07,7.6511168424783e-07,2.0871786274807e-07,5.2649281235142e-07,3.0442705095325e-08,7.9555438934315e-07,7.8619551286422e-05,0.00082473982207935,0,0,0,3.4425450408238e-08,3.4425450408238e-08,1.3539195057656e-11,1.6040666128041e-08,-3.4425450408238e-05,1.6040671841949e-05,-30785758.715475,135.39195057656,160406.66128041,3.7583594996158,3.3267526512695,1.9493594996158,0.35486133412407,0.3456591630417,0,0,0,30.070712697183,1.9491246020222,4.3951570096532e-08,5.1523170470681e-06,9.0474897185797e-11,7.4491462612542e-05,5.4284938311478e-06,4.4769926560762e-08,-3.4425450408238e-05,3.4425450408238e-08,0.0041763198155696,0.008425387651618,8.425387651618e-16,2295655.2527562,1.2599112445543,1.0056669157304e-07,0.10056669157304,9.0474897185797e-11,3015000,2295655.2527562,38787323.193671,8.2254666925523e-05,33.372363465023,3.4425450408238e-08,3.4425450408238e-08,0,0,0,15000,3000000,8.5871950784468e-11,-0.017502130899238,1.6040671841949e-05,1,0.14709668951793,160406.71841949,31.968119399972,31949359.499616,33.354861334124,31.603700336574,31.603110992106,0,0,-31603700.336574,-31603110.992106,-31968119.399972,-31949359.499616,0.0019608959947736,9.185869255233e-07,65439.733854692,-65439.733854692
2,3.6445253841552e-08,-8.133608e-05,2.296,30773602.965391,12.1,30773602.965391,38774891.975251,1.2600049792448,4.4293555310575e-05,44.293555310575,6016046077068,51.562808678901,3.1651474536535e-07,7.6681146586554e-07,2.126625147313e-07,5.2917726009664e-07,2.9367061520301e-08,7.9617852738585e-07,8.0530244717348e-05,0.00082564901011405,0,0,0,3.6445253841552e-08,3.6445253841552e-08,1.0645999728199e-11,1.6038069771556e-08,-3.6445253841552e-05,1.6038073304939e-05,-30773602.965391,106.45999728199,160380.69771556,3.7889585967538,3.337896702167,1.9529585967538,0.35504841515495,0.34949719589658,0,0,0,30.048253930506,1.8907869930307,1.7598458039722e-07,4.6107148967271e-06,8.62666932499e-11,0.00029815742913037,5.176001594994e-06,1.7926132611203e-07,-3.6445253841552e-05,3.6445253841552e-08,0.0041763198155696,0.0084308047980596,8.4308047980596e-16,2308230.1756886,1.2600049792448,1.0060067781403e-07,0.10060067781403,8.62666932499e-11,3060000,2308230.1756886,38774891.975251,8.22551282762e-05,33.37255064422,3.6445253841552e-08,3.6445253841552e-08,0,0,0,60000,3000000,7.6845248278784e-11,-0.017502229065045,1.6038073304939e-05,1,0.14717423811979,160380.73304939,31.967253662548,31952958.596754,33.355048415155,31.603461400857,31.600561997295,0,0,-31603461.400857,-31600561.997295,-31967253.662548,-31952958.596754,0.0019608959947736,9.1904827620032e-07,65440.100893629,-65440.100893629
3.8,1.126194915279e-07,-0.00010253822973585,2.296,30328666.081296,12.1,30328666.081296,38319274.583711,1.2634672039843,4.4217381073861e-05,44.217381073861,5671981638071.6,51.639341394968,7.7229904118322e-07,-6.1112038332721e-06,5.8797865167054e-07,1.3602776928538e-06,-3.7612138808638e-07,-6.4873252213585e-06,-0.0035509359934894,0.0050333002762555,0,0,0,1.126194915279e-07,1.126194915279e-07,3.2964701808601e-11,2.4280077193279e-07,-0.0001126194915279,0.00024280077417058,-30328666.081296,329.64701808601,2428007.7193279,8.2266781456629,8.7396946019157,6.3582781456629,5.8178190704896,5.7626754947902,0,0,0,31.225267966298,2.1770262582219,3.4663163737568e-07,7.2821179278578e-06,1.0311463426e-10,0.00058031104868177,6.1868780555997e-06,3.5308574676313e-07,-0.0001126194915279,1.126194915279e-07,0.0041763198155696,0.0086363580119457,8.6363580119457e-16,3969027.4270879,1.2634672039843,1.0181557862989e-07,0.10181557862989,-1.0311463426e-10,3114000,3969027.4270879,38319274.583711,9.5726579296306e-05,38.838187752097,1.126194915279e-07,1.126194915279e-07,0,0,0,114000,3000000,-1.2136863213096e-10,-0.020368681607692,0.00024280077417058,1,2.4115952998816,2428007.7417058,36.39831883072,36358278.145663,38.81781907049,30.595602650873,30.598081928576,0,0,-30595602.650873,-30598081.928576,-36398318.83072,-36358278.145663,0.0019608959947736,-6.8116504395429e-06,76157.646807352,-76157.646807352
5.96,2.1154286573727e-07,-0.00012798080941887,2.296,29787726.137402,12.1,29787726.137402,37763734.783771,1.2677619467729,4.4118457700919e-05,44.118457700919,5275113038627,51.733918367065,1.3028590964878e-06,-1.4361293763591e-05,1.0450406574555e-06,2.3478997539433e-06,-8.6447981085914e-07,-1.522577357445e-05,-0.0078925753298987,0.012068614462785,0,0,0,2.1154286573727e-07,2.1154286573727e-07,6.6300328036072e-11,5.1493475659238e-07,-0.00021154286573727,0.00051493476086062,-29787726.137402,663.00328036072,5149347.5659237,13.556934405251,15.230310797296,11.649654405251,12.373766773198,12.263265698579,0,0,0,32.637822102212,2.0909563905446,5.6915100758812e-07,2.0535827384581e-05,3.1372820463717e-10,0.00093869508792165,1.882369227823e-05,5.797483174262e-07,-0.00021154286573727,2.1154286573727e-07,0.0041763198155696,0.0089070046727685,8.9070046727685e-16,5967760.6534096,1.2677619467729,1.0338236179606e-07,0.10338236179606,-3.1372820463717e-10,3178800,5967760.6534096,37763734.783771,0.00011189385666153,45.397575524717,2.1154286573727e-07,2.1154286573727e-07,0,0,0,178800,3000000,-3.4226378974301e-10,-0.023808751518715,0.00051493476086062,1,5.1291587845071,5149347.6086062,41.718342366637,41649654.405251,45.373766773198,29.386388706672,29.396310897585,0,0,-29386388.706672,-29396310.897585,-41718342.366637,-41649654.405251,0.0019608959947736,-1.6086952757337e-05,89019.924018847,-89019.924018847
8.552,3.404869122604e-07,-0.00015851190503849,2.296,29137536.63621,12.1,29137536.63621,37093595.224715,1.2730537679675,4.3989513656057e-05,43.989513656057,4828018915357.2,51.849907881785,1.9229317832177e-06,-2.4258606228457e-05,1.5991132883888e-06,3.5220450716065e-06,-1.4521843724929e-06,-2.571079060095e-05,-0.013086573766305,0.020516316186131,0,0,0,3.404869122604e-07,3.404869122604e-07,1.1361394739134e-10,8.4153303053709e-07,-0.0003404869122604,0.0008415330382065,-29137536.63621,1136.1394739134,8415330.3053709,19.958173418602,23.024303007824,18.004237418602,20.241816710479,20.068487122674,0,0,0,34.333088226312,2.0731561005334,8.6570914923908e-07,3.5907627394012e-05,5.5766393749186e-10,0.0014012345367281,3.3459836249512e-05,8.8182822477762e-07,-0.0003404869122604,3.404869122604e-07,0.0041763198155696,0.0092660904545253,9.2660904545253e-16,8366775.9820366,1.2730537679675,1.0541137332748e-07,0.10541137332748,-5.5766393749186e-10,3256560,8366775.9820366,37093595.224715,0.00013129684024649,53.269754024804,3.404869122604e-07,3.404869122604e-07,0,0,0,256560,3000000,-5.9846045656686e-10,-0.027937314325619,0.0008415330382065,1,8.3906132948796,8415330.3820651,48.105992324663,48004237.418602,53.241816710479,27.935750295928,27.956485946213,0,0,-27935750.295928,-27956485.946213,-48105992.324663,-48004237.418602,0.0019608959947736,-2.7215064792005e-05,104456.44730981,-104456.44730981
11.6624,5.1099900658423e-07,-0.00019514921978204,2.296,28358971.586594,12.1,28358971.586594,36287592.835945,1.279586855483,4.3819001563945e-05,43.819001563945,4333556917276.2,51.992278304011,2.6452659208138e-06,-3.6132048508153e-05,2.2703862731244e-06,4.9156521939383e-06,-2.1592318665622e-06,-3.8291280374715e-05,-0.019298600457032,0.030660828129507,0,0,0,5.1099900658423e-07,5.1099900658423e-07,1.7783914697014e-10,1.2335188824137e-06,-0.00051099900658423,0.0012335188952335,-28358971.586594,1778.3914697014,12335188.824137,27.645465449064,32.382015603945,25.635542249064,29.684925278998,29.439898105533,0,0,0,36.367726861462,2.0659406379562,1.2723342377144e-06,5.3931054127229e-05,8.4324667820517e-10,0.0020110592219473,5.059480069231e-05,1.2960244709827e-06,-0.00051099900658423,5.1099900658423e-07,0.0041763198155696,0.0097519243070808,9.7519243070808e-16,11244122.258135,1.279586855483,1.0807463897194e-07,0.10807463897194,-8.4324667820517e-10,3349872,11244122.258135,36287592.835945,0.00015458399297258,62.717817628833,5.1099900658423e-07,5.1099900658423e-07,0,0,0,349872,3000000,-8.9885090212049e-10,-0.03289234983518,0.0012335188952335,1,12.304959197389,12335188.952335,55.776439263975,55635542.249064,62.684925278998,26.195644143532,26.232341438572,0,0,-26195644.143532,-26232341.438572,-55776439.263975,-55635542.249064,0.0019608959947736,-4.0565226809462e-05,122983.11738931,-122983.11738931
15.39488,7.410126498353e-07,-0.00023911399747429,2.296,27428925.387291,12.1,27428925.387291,35319525.686649,1.2876904250543,4.3588987923705e-05,43.588987923705,3797842008673.2,52.167612175338,3.4805976258119e-06,-5.0375311752021e-05,3.084676621076e-06,6.5652742468879e-06,-3.0097867600991e-06,-5.338509851212e-05,-0.026722961629469,0.042844718644146,0,0,0,7.410126498353e-07,7.410126498353e-07,2.6234650423423e-10,1.7040172319647e-06,-0.0007410126498353,0.0017040172521598,-27428925.387291,2623.4650423423,17040172.319647,36.877661903934,43.616800728671,34.800554063934,41.019026436081,40.692032907965,0,0,0,38.809815772873,2.0624599776789,1.8511109816968e-06,7.5148957500342e-05,1.1788515815362e-09,0.0028385072027059,7.0731094892169e-05,1.8855777512468e-06,-0.0007410126498353,7.410126498353e-07,0.0041763198155696,0.010427185199389,1.0427185199389e-15,14693744.441228,1.2876904250543,1.1163612402589e-07,0.11163612402589,-1.1788515815362e-09,3461846.4,14693744.441228,35319525.686649,0.00018253442293353,74.057866072594,7.410126498353e-07,7.410126498353e-07,0,0,0,461846.4,3000000,-1.2524826250057e-09,-0.038839636512634,0.0017040172521598,1,17.00315705257,17040172.521598,64.988885781102,64800554.063934,74.019026436081,24.108521155969,24.168834417767,0,0,-24108521.155969,-24168834.417767,-64988885.781102,-64800554.063934,0.0019608959947736,-5.657957454076e-05,145219.7729632,-145219.7729632
19.873856,1.0591456365902e-06,-0.000291871730705,2.296,26320821.370261,12.1,26320821.370261,34158348.618468,1.2978061414433,4.3270854941169e-05,43.270854941169,3231923881163,52.384537792209,4.4344731100685e-06,-6.7459254281229e-05,4.0753906150443e-06,8.5098637251128e-06,-4.0330931849566e-06,-7.1492347466185e-05,-0.035585608889912,0.057481127162553,0,0,0,1.0591456365902e-06,1.0591456365902e-06,3.705238958009e-10,2.2688070606326e-06,-0.0010591456365902,0.0022688070908882,-26320821.370261,3705.238958009,22688070.606326,47.966434041563,57.105311312261,45.808704633563,54.623925784047,54.203214618053,0,0,0,41.741199222948,2.0608095099267,2.7166918256927e-06,0.00010017321238321,1.5738485789362e-09,0.0040058366720978,9.4430914736173e-05,2.7672752818012e-06,-0.0010591456365902,1.0591456365902e-06,0.0041763198155696,0.011398940689477,1.1398940689477e-15,18827677.797829,1.2978061414433,1.1651239032405e-07,0.11651239032405,-1.5738485789362e-09,3596215.68,18827677.797829,34158348.618468,0.00021608474872315,87.669904251955,1.0591456365902e-06,1.0591456365902e-06,0,0,0,596215.68,3000000,-1.6695535397201e-09,-0.045978467907503,0.0022688070908882,1,22.642643417717,22688070.908882,76.056100580466,75808704.633563,87.623925784047,21.605490015511,21.70076795965,0,0,-21605490.015511,-21700767.95965,-76056100.580466,-75808704.633563,0.0019608959947736,-7.5786981981856e-05,171911.5641097,-171911.5641097
24.873856,1.4782800876271e-06,-0.00035076659108236,2.296,25096611.47341,12.1,25096611.47341,32865175.999248,1.309622515961,4.2851720495787e-05,42.851720495787,2690109763879.1,52.635225529246,5.4298849032823e-06,-8.6518209651879e-05,5.2015250285473e-06,1.063140993183e-05,-5.178656887108e-06,-9.1696866538987e-05,-0.045412142899559,0.073841868399299,0,0,0,1.4782800876271e-06,1.4782800876271e-06,4.9555781909132e-10,2.8995823045674e-06,-0.0014782800876271,0.0028995823469144,-25096611.47341,4955.5781909132,28995823.045674,60.357836942498,72.170293084696,58.110107534498,69.817567579763,69.296843384287,0,0,0,45.014931785785,2.0602684172983,3.9874363018382e-06,0.00012768059594278,2.0070483074485e-09,0.0056063503349553,0.00012042289844691,4.061680390642e-06,-0.0014782800876271,1.4782800876271e-06,0.0041763198155696,0.012746487127866,1.2746487127866e-15,23433642.583664,1.309622515961,1.2286728090222e-07,0.12286728090222,-2.0070483074485e-09,3746215.68,23433642.583664,32865175.999248,0.00025355298859333,102.87151853208,1.4782800876271e-06,1.4782800876271e-06,0,0,0,746215.68,3000000,-2.1280099323797e-09,-0.053950952321898,0.0028995823469144,1,28.940693374012,28995823.469144,88.428235984669,88110107.534498,102.81756757976,18.813264150211,18.956450378152,0,0,-18813264.150211,-18956450.378152,-88428235.984669,-88110107.534498,0.0019608959947736,-9.7213602489033e-05,201720.34866543,-201720.34866543
27.373856,1.7421066406367e-06,-0.00038021402127104,2.296,24467017.680196,12.1,24467017.680196,32190621.154293,1.3157727936228,4.2603443628785e-05,42.603443628785,2442401025874.9,52.76898341764,6.0663230576415e-06,-9.6137146496532e-05,5.679378831865e-06,1.1745701889507e-05,-5.7453924343602e-06,-0.00010188253893089,-0.050489901748752,0.082036095917204,0,0,3.4085087952235e-07,1.7421066406367e-06,1.7421066406367e-06,1.5984876569767e-10,3.5951348880568e-06,-0.0017421066406367,0.0035951348916105,-24467017.680196,2110.8436808037,32073071.012876,66.485007672227,79.623205977597,64.192278264227,77.34200471664,76.762562497945,1.5549682604071e-08,0,0,46.635844429447,2.060262432605,4.8214352656489e-06,0.00014168802861094,2.227247774604e-09,0.0065994345776094,0.00013363486647624,4.9112080020459e-06,-0.0017421066406367,1.7421066406367e-06,0.0041763198155696,0.01363402682769,1.363402682769e-15,25718212.855618,1.3157727936228,1.267844974992e-07,0.1267844974992,-2.227247774604e-09,3821215.68,25718212.855618,32190621.154293,0.00027210860674665,110.39990392925,1.7421066406367e-06,1.7421066406367e-06,0,0,3.8782850235575e-07,821215.68,3000000,-2.3614671435157e-09,-0.057899212610025,0.0035951348916105,0.99767700038948,32.059713923412,32073071.082337,94.517256496548,94192278.264227,110.34200471664,17.429715766282,17.578865809026,0,0,-17429715.766282,-17578865.809026,-94517256.496548,-94192278.264227,0.0019608959947736,-0.00010810541452439,216482.72943838,-216482.72943838
28.123856,1.8840527333096e-06,-0.00038904825032764,2.296,24273477.222939,12.1,24273477.222939,31943944.430952,1.3160654348014,4.2524736434582e-05,42.524736434582,2367884960751.5,52.810415870995,6.5276989270138e-06,-9.9271915802667e-05,5.7658097245032e-06,1.2293508651517e-05,-5.9168421345247e-06,-0.00010518875793719,-0.052368957507142,0.084587330079798,0,0,1.7931611680267e-06,1.8840527333096e-06,1.8840527333096e-06,7.0280867144216e-11,5.2435675918167e-06,-0.0018840527333096,0.0052435675922877,-24273477.222939,3089.2378684207,32784925.17852,68.056559018572,81.540060801206,65.750329610572,79.300974341913,78.681368465656,6.3238897386101e-08,0,0,47.0563582858,2.0465489098764,5.2319559970361e-06,0.00014615131459268,2.3275120925779e-09,0.0070226748767982,0.00013965072555467,5.3293724261043e-06,-0.0018840527333096,1.8840527333096e-06,0.0041763198155696,0.014121508498786,1.4121508498786e-15,26316218.651058,1.3160654348014,1.2911670627056e-07,0.12911670627056,-2.3275120925779e-09,3843715.68,26316218.651058,31943944.430952,0.00027693951856252,112.35990147119,1.8840527333096e-06,1.8840527333096e-06,0,0,1.5772570726026e-06,843715.68,3000000,-2.4358552432114e-09,-0.05892712927411,0.0052435675922877,0.98829179606641,32.871743634835,32784925.324065,96.041349415514,95750329.610572,112.30097434191,17.068961144915,17.176810705675,0,0,-17068961.144915,-17176810.705675,-96041349.415514,-95750329.610572,0.0019608959947736,-0.00011210873176512,220326.08077549,-220326.08077549
29.023856,2.0843450112024e-06,-0.00039964932519557,2.296,24184583.909291,12.1,24184583.909291,31681435.093464,1.3100407195756,4.2486482102148e-05,42.486482102148,2335417307504.7,52.829742473345,7.5193233878762e-06,-0.00010213059499411,6.1758607062399e-06,1.3695184094116e-05,-6.1017054688351e-06,-0.00010823230046295,-0.054586578525391,0.086645854505301,0,0,5.7573808589741e-06,2.0843450112024e-06,2.0843450112024e-06,3.4134192285078e-10,9.3541948753918e-06,-0.0020843450112024,0.0093541948816197,-24184583.909291,3881.8872261998,33477298.598408,69.551075251821,83.318285217413,67.228645843821,81.150632215773,80.492503573801,1.6203794492854e-07,0,0,47.450529444274,2.0446393667487,5.7991666425674e-06,0.00014978109350873,2.3896778524137e-09,0.0076090720592944,0.00014338067114482,5.9071442528933e-06,-0.0020843450112024,2.0843450112024e-06,0.0041763198155696,0.014826204323356,1.4826204323356e-15,26816065.622653,1.3100407195756,1.3222782644273e-07,0.13222782644273,-2.3896778524137e-09,3870715.68,26816065.622653,31681435.093464,0.00028150086189035,114.21052968615,2.0843450112024e-06,2.0843450112024e-06,0,0,4.0414286970901e-06,870715.68,3000000,-2.4963515584788e-09,-0.059897470380278,0.0093541948816197,0.9646832919325,33.638461571736,33477298.823472,97.457171045008,97228645.843821,114.15063221577,16.73614227002,16.832574764816,0,0,-16736142.27002,-16832574.764816,-97457171.045008,-97228645.843821,0.0019608959947736,-0.00011814846330522,223954.97066278,-223954.97066278
29.563856,2.2206178014882e-06,-0.00040600997011632,2.296,24164549.544824,12.1,24164549.544824,31489635.568794,1.3031875866031,4.2477405154102e-05,42.477405154102,2328470962450.2,52.834161876611,8.2677323399864e-06,-0.00010357198249899,6.5118525059423e-06,1.4779584845929e-05,-6.2063837931636e-06,-0.00010977836629215,-0.055924074852627,0.087567167412762,0,0,8.8981444592672e-06,2.2206178014882e-06,2.2206178014882e-06,3.4567321453335e-10,1.2562778852122e-05,-0.0022206178014882,0.012562778856877,-24164549.544824,2701.9708801601,33839230.736665,70.311248698575,84.209899242754,67.979099290575,82.089441164885,81.408861359553,1.2719584211318e-07,0,0,47.649346267801,2.0442274633232,6.1947377127506e-06,0.00015137342437716,2.416035293936e-09,0.0080064488686169,0.00014496211763616,6.3100806604611e-06,-0.0022206178014882,2.2206178014882e-06,0.0041763198155696,0.015315537776809,1.5315537776809e-15,27051333.253631,1.3031875866031,1.3434040336989e-07,0.13434040336989,-2.416035293936e-09,3886915.68,27051333.253631,31489635.568794,0.00028381601074387,115.149831879,2.2206178014882e-06,2.2206178014882e-06,0,0,3.1724231425761e-06,886915.68,3000000,-2.522890406286e-09,-0.060390714119251,0.012562778856877,0.94659066711479,34.027615517868,33839230.844537,98.164480874596,97979099.290575,115.08944116488,16.570237931022,16.66864118942,0,0,-16570237.931022,-16668641.18942,-98164480.874596,-97979099.290575,0.0019608959947736,-0.00012219395937245,225796.8433408,-225796.8433408
30.211856,2.4105945650285e-06,-0.00041364274402123,2.296,24175370.191781,12.1,24175370.191781,31196478.820275,1.2904743643038,4.2481535037305e-05,42.481535037305,2332872545235.4,52.831884226117,9.3952968701456e-06,-0.00010501898277403,7.0170600798077e-06,1.6412356949953e-05,-6.3249788619681e-06,-0.00011134396163599,-0.057598980720797,0.088315433340355,0,0,1.3708348404382e-05,2.4105945650285e-06,2.4105945650285e-06,2.4276130735756e-10,1.7438526221133e-05,-0.0024105945650285,0.017438526222823,-24175370.191781,1251.9826700477,34184568.574962,71.034530649791,85.042638108097,68.690717241791,82.983061439917,82.274020318776,1.9410664680024e-07,0,0,47.836583347219,2.0454198938442,6.7596983281512e-06,0.00015256377393851,2.4322567234604e-09,0.0085532956300472,0.00014593540340763,6.885560562673e-06,-0.0024105945650285,2.4105945650285e-06,0.0041763198155696,0.016010668719744,1.6010668719744e-15,27253201.443842,1.2904743643038,1.373101587632e-07,0.1373101587632,-2.4322567234604e-09,3906355.68,27253201.443842,31196478.820275,0.00028601971655956,116.04391940254,2.4105945650285e-06,2.4105945650285e-06,0,0,4.8412621686878e-06,906355.68,3000000,-2.5427295656418e-09,-0.060857962626869,0.017438526222823,0.91970670438671,34.398037909667,34184568.597888,98.810191926431,98690717.241791,115.98306143992,16.416696923015,16.521881879402,0,0,-16416696.923015,-16521881.879402,-98810191.926431,-98690717.241791,0.0019608959947736,-0.00012762302746167,227550.05923276,-227550.05923276
30.600656,2.5344551220959e-06,-0.00041822240836417,2.296,24193726.083981,12.1,24193726.083981,30986013.463349,1.2807934790905,4.2489111115396e-05,42.489111115396,2339861702880.8,52.827939928541,1.0155919246633e-05,-0.00010579177357016,7.3545508867274e-06,1.751047013336e-05,-6.393722618297e-06,-0.00011218549618846,-0.058633373719958,0.088640676537805,0,0,1.6969107253167e-05,2.5344551220959e-06,2.5344551220959e-06,1.4249712235587e-10,2.0734061775224e-05,-0.0025344551220959,0.020734061775714,-24193726.083981,517.7596658506,34358305.690849,71.400263219244,85.456884749466,69.049451411244,83.435453224386,82.708549484866,1.3143663526308e-07,0,0,47.930460101722,2.0465549399583,7.14163580217e-06,0.00015302148840911,2.436908032992e-09,0.0089130447408645,0.00014621448197952,7.2746095232691e-06,-0.0025344551220959,2.5344551220959e-06,0.0041763198155696,0.016472091438865,1.6472091438865e-15,27345722.23037,1.2807934790905,1.3925421640483e-07,0.13925421640483,-2.436908032992e-09,3918019.68,27345722.23037,30986013.463349,0.00028713533775004,116.49654923195,2.5344551220959e-06,2.5344551220959e-06,0,0,3.2781938195673e-06,918019.68,3000000,-2.5503581401519e-09,-0.061096007561147,0.020734061775714,0.90198897949213,34.585562803088,34358305.69475,99.123453218856,99049451.411244,116.43545322439,16.340901926378,16.450950452211,0,0,-16340901.926378,-16450950.452211,-99123453.218856,-99049451.411244,0.0019608959947736,-0.00013108707061413,228437.61795103,-228437.61795103
31.067216,2.6974625315711e-06,-0.0004237180055757,2.296,24232163.576985,12.1,24232163.576985,30689019.487224,1.2665020252654,4.250518436427e-05,42.50518436427,2354317113478.8,52.819650683542,1.1189348365004e-05,-0.00010658731346149,7.8063406982186e-06,1.8995689063222e-05,-6.4728544203992e-06,-0.00011306016788189,-0.059919320828454,0.088857930986646,0,0,2.1415318878067e-05,2.6974625315711e-06,2.6974625315711e-06,-2.6089003815396e-11,2.5216484960947e-05,-0.0026974625315711,0.025216484960961,-24232163.576985,-130.14576107724,34517999.397912,71.741778624407,85.832305723571,69.382568736407,83.859079341428,83.109422470106,1.7908065857065e-07,0,0,48.016830401056,2.0482989759081,7.6589864461096e-06,0.00015321096137324,2.4358661809007e-09,0.0093879649983794,0.00014615197085404,7.8015929799344e-06,-0.0026974625315711,2.6974625315711e-06,0.0041763198155696,0.017089230965544,1.7089230965544e-15,27416228.311939,1.2665020252654,1.418215914256e-07,0.1418215914256,-2.4358661809007e-09,3932016.48,27416228.311939,30689019.487224,0.00028818002028404,116.92039782964,2.6974625315711e-06,2.6974625315711e-06,0,0,4.4664952576315e-06,932016.48,3000000,-2.5535160228874e-09,-0.061318488214511,0.025216484960961,0.87846352221402,34.761163786959,34517999.398157,99.392699816285,99382568.736407,116.85907934143,16.273146266301,16.389456069287,0,0,-16273146.266301,-16389456.069287,-99392699.816285,-99382568.736407,0.0019608959947736,-0.00013553798529166,229268.74058936,-229268.74058936
31.347152,2.8005362086809e-06,-0.00042701536390262,2.296,24261233.556467,12.1,24261233.556467,30490018.369785,1.2567797688067,4.2517329782997e-05,42.517329782997,2365254372723.4,52.81338281613,1.185371464655e-05,-0.00010701712798251,8.0941362590207e-06,1.9947850905571e-05,-6.5191157628622e-06,-0.00011353624374537,-0.060707707132413,0.088925533606896,0,0,2.4276972104257e-05,2.8005362086809e-06,2.8005362086809e-06,-1.4311165227378e-10,2.8097961845516e-05,-0.0028005362086809,0.02809796184588,-24261233.556467,-433.35451963045,34595944.587015,71.911257447529,86.013242378743,69.547008711529,84.069895082945,83.306085312415,1.1521909600456e-07,0,0,48.059095898516,2.0494588251135,7.9968912072687e-06,0.00015319427834477,2.4329091445172e-09,0.0096920909648654,0.00014597454867103,8.1457893603686e-06,-0.0028005362086809,2.8005362086809e-06,0.0041763198155696,0.017485287857033,1.7485287857033e-15,27443722.778691,1.2567797688067,1.4344774727494e-07,0.14344774727494,-2.4329091445172e-09,3940414.56,27443722.778691,30490018.369785,0.00028869990447999,117.13132524562,2.8005362086809e-06,2.8005362086809e-06,0,0,2.8737081382232e-06,940414.56,3000000,-2.5532379724128e-09,-0.061430162677667,0.02809796184588,0.86369360180681,34.848550872261,34595944.589729,99.515288333146,99547008.711529,117.06989508295,16.240923399114,16.361062555112,0,0,-16240923.399114,-16361062.555112,-99515288.333146,-99547008.711529,0.0019608959947736,-0.00013831545942263,229682.34524744,-229682.34524744
31.6830752,2.9318598113589e-06,-0.00043097219389493,2.296,24304704.247006,12.1,24304704.247006,30225638.09916,1.2436513016827,4.2535449148778e-05,42.535449148778,2381638034187.2,52.804015501887,1.2714885761652e-05,-0.00010746504495623,8.4631703939929e-06,2.1178056155645e-05,-6.572885681239e-06,-0.00011403793063747,-0.061678360377184,0.088916725471413,0,0,2.7989814073869e-05,2.9318598113589e-06,2.9318598113589e-06,-3.0113980848745e-10,3.1831990800869e-05,-0.0029318598113589,0.031831990802294,-24304704.247006,-685.43722101856,34663611.107142,72.063653371634,86.166617421252,69.693358018034,84.26052838617,83.478986435897,1.494429687095e-07,0,0,48.096073306964,2.0509789422205,8.4384614600237e-06,0.00015298967199024,2.4261455335316e-09,0.010082313156054,0.0001455687320119,8.5955814325026e-06,-0.0029318598113589,2.9318598113589e-06,0.0041763198155696,0.017996425337109,1.7996425337109e-15,27455432.338697,1.2436513016827,1.4552290221894e-07,0.14552290221894,-2.4261455335316e-09,3950492.256,27455432.338697,30225638.09916,0.00028917001234597,117.32205740901,2.9318598113589e-06,2.9318598113589e-06,0,0,3.7272942618165e-06,950492.256,3000000,-2.5498278665041e-09,-0.061529022838428,0.031831990802294,0.8449532526385,34.927571957738,34663611.113919,99.60615229866,99693358.018034,117.26052838617,16.214371582137,16.339082949886,0,0,-16214371.582137,-16339082.949886,-99606152.29866,-99693358.018034,0.0019608959947736,-0.00014180218154895,230056.35347676,-230056.35347676
32.08618304,3.100564746997e-06,-0.00043572038988569,2.296,24369281.806232,12.1,24369281.806232,29870179.747461,1.2257657791715,4.2562205726071e-05,42.562205726071,2406096180112.5,52.790121642576,1.3841074749432e-05,-0.00010790509390259,8.9397845907292e-06,2.2780859340161e-05,-6.6349016006336e-06,-0.00011453999550322,-0.062879316699599,0.088776551925257,0,0,3.2847413251452e-05,3.100564746997e-06,3.100564746997e-06,-5.0637274881496e-10,3.6711381313976e-05,-0.003100564746997,0.036711381317468,-24369281.806232,-852.2627502342,34707368.559024,72.172974267275,86.258651949771,69.795422972555,84.399371442654,83.595444528722,1.9546151330036e-07,0,0,48.120628191665,2.0529628174512,9.0248840779257e-06,0.00015248137762253,2.4135289979759e-09,0.010589244811675,0.00014481173987855,9.1929229490713e-06,-0.003100564746997,3.100564746997e-06,0.0041763198155696,0.018663810952611,1.8663810952611e-15,27438714.962027,1.2257657791715,1.481928413329e-07,0.1481928413329,-2.4135289979759e-09,3962585.4912,27438714.962027,29870179.747461,0.00028951240996528,117.46097497111,3.100564746997e-06,3.100564746997e-06,0,0,4.8750542312176e-06,962585.4912,3000000,-2.5413562937089e-09,-0.061603528458051,0.036711381317468,0.82113458773882,34.985125012995,34707368.569488,99.633809396659,99795422.972555,117.39937144265,16.199978443832,16.330011034146,0,0,-16199978.443832,-16330011.034146,-99633809.396659,-99795422.972555,0.0019608959947736,-0.00014620797992041,230328.75313008,-230328.75313008
32.328047744,3.2058882914534e-06,-0.00043856930748015,2.296,24412638.423416,12.1,24412638.423416,29640356.304852,1.2141725988658,4.2580036241213e-05,42.580036241213,2422620884906.6,52.780811789581,1.4550881323974e-05,-0.00010813362304304,9.2380335805856e-06,2.378891490456e-05,-6.6711972677454e-06,-0.00011480482031079,-0.063613326638696,0.08864509717789,0,0,3.590852101262e-05,3.2058882914534e-06,3.2058882914534e-06,-6.3285941053502e-10,3.9784234222398e-05,-0.0032058882914534,0.039784234227432,-24412638.423416,-908.45623369256,34719977.151996,72.211771889419,86.280298479368,69.829867030027,84.449921199812,83.632159544287,1.2315405984456e-07,0,0,48.128141566947,2.0542158284195,9.4034698707737e-06,0.00015208044113575,2.4043217248305e-09,0.01091075482502,0.00014425930348983,9.5785578218535e-06,-0.0032058882914534,3.2058882914534e-06,0.0041763198155696,0.019086606180926,1.9086606180926e-15,27417385.748902,1.2141725988658,1.4986110111027e-07,0.14986110111027,-2.4043217248305e-09,3969841.43232,27417385.748902,29640356.304852,0.00028963706619708,117.51155049748,3.2058882914534e-06,3.2058882914534e-06,0,0,3.0716160454956e-06,969841.43232,3000000,-2.5346740189292e-09,-0.061629297669242,0.039784234227432,0.80651994732644,35.006078836978,34719977.163881,99.62072165061,99829867.030027,117.44992119981,16.197707485741,16.330872475341,0,0,-16197707.485741,-16330872.475341,-99620721.65061,-99829867.030027,0.0019608959947736,-0.00014893224128306,230427.92795865,-230427.92795865
32.6182853888,3.3382047703023e-06,-0.0004419880085935,2.296,24471266.538996,12.1,24471266.538996,29344438.968762,1.1991687351703,4.2603980056946e-05,42.603980056946,2445097072312,52.768245730942,1.5451800607659e-05,-0.00010835669298597,9.6135661970539e-06,2.5065366804713e-05,-6.7134359311662e-06,-0.00011507012891714,-0.064513516146303,0.088419100262983,0,0,3.9793160210492e-05,3.3382047703023e-06,3.3382047703023e-06,-7.8535242653377e-10,4.368107442555e-05,-0.0033382047703023,0.04368107443261,-24471266.538996,-922.45913483835,34715401.793491,72.219684983709,86.257879843982,69.832555846711,84.463347175273,83.628395900342,1.5626029491149e-07,0,0,48.126747134905,2.0558004035521,9.8918891986623e-06,0.00015146291382909,2.3909650807657e-09,0.011318922809637,0.00014345790484594,1.0076071275694e-05,-0.0033382047703023,3.3382047703023e-06,0.0041763198155696,0.01962444415812,1.962444415812e-15,27375539.995452,1.1991687351703,1.5195864232966e-07,0.15195864232966,-2.3909650807657e-09,3978548.561664,27375539.995452,29344438.968762,0.00028967017377821,117.52498290529,3.3382047703023e-06,3.3382047703023e-06,0,0,3.8973268906294e-06,978548.561664,3000000,-2.5243818971515e-09,-0.061635730022275,0.04368107443261,0.7884022423591,35.011644156031,34715401.805746,99.562156635186,99832555.846711,117.46334717527,16.204159946369,16.340956385181,0,0,-16204159.946369,-16340956.385181,-99562156.635186,-99832555.846711,0.0019608959947736,-0.00015231783481529,230454.26871456,-230454.26871456
32.79242797568,3.4197791518849e-06,-0.00044403922926151,2.296,24508882.581686,12.1,24508882.581686,29158522.325884,1.1897411108098,4.2619234463071e-05,42.619234463071,2459604406959.2,52.760198281767,1.6010297444108e-05,-0.00010847198469438,9.8452868545436e-06,2.5855584298652e-05,-6.7383027414239e-06,-0.0001152102874358,-0.065060765762188,0.088258698416779,0,0,4.2200557309863e-05,3.4197791518849e-06,3.4197791518849e-06,-8.7617564849582e-10,4.6095099496759e-05,-0.0034197791518849,0.046095099505086,-24508882.581686,-913.74903828002,34705519.559965,72.210425848218,86.22685975741,69.820162144655,84.454281499968,83.608803077396,9.6828787917255e-08,0,0,48.122136889097,2.0567853498492,1.0200878452309e-05,0.00015104262473245,2.3821082296735e-09,0.011573776299741,0.00014292649378041,1.0390813756189e-05,-0.0034197791518849,3.4197791518849e-06,0.0041763198155696,0.019959741171691,1.9959741171691e-15,27344496.021259,1.1897411108098,1.5325242884589e-07,0.15325242884589,-2.3821082296735e-09,3983772.8392704,27344496.021259,29158522.325884,0.00028964781761347,117.51591256214,3.4197791518849e-06,3.4197791518849e-06,0,0,2.4150308890058e-06,983772.8392704,3000000,-2.5173770788742e-09,-0.061631062169909,0.046095099505086,0.77740933885975,35.007886263307,34705519.571994,99.511477377832,99820162.144655,117.45428149997,16.211359067259,16.350294539584,0,0,-16211359.067259,-16350294.539584,-99511477.377832,-99820162.144655,0.0019608959947736,-0.00015439141164804,230436.48254021,-230436.48254021
33.001399079936,3.5208063601746e-06,-0.00044650069406312,2.296,24557493.360359,12.1,24557493.360359,28925158.354464,1.1778815786775,4.2638825865056e-05,42.638825865056,2478450292621.3,52.749815584603,1.6706271282423e-05,-0.00010858361227122,1.0132550513348e-05,2.6838821795771e-05,-6.7674575178359e-06,-0.00011535106978905,-0.065727680160368,0.088030519791513,0,0,4.5199737636824e-05,3.5208063601746e-06,3.5208063601746e-06,-9.8267607144567e-10,4.9101242394482e-05,-0.0035208063601746,0.049101242404315,-24557493.360359,-882.02963600991,34683373.122661,72.179145717599,86.164362572285,69.78512053416,84.418751328571,83.560331448199,1.2061861054379e-07,0,0,48.111171346687,2.0580116261676,1.0591424249109e-05,0.00015046759710638,2.3702889676084e-09,0.011892143060052,0.0001422173380565,1.0788631322272e-05,-0.0035208063601746,3.5208063601746e-06,0.0041763198155696,0.020378920152109,2.0378920152109e-15,27298736.730208,1.1778815786775,1.5485552463949e-07,0.15485552463949,-2.3702889676084e-09,3990041.9723981,27298736.730208,28925158.354464,0.00028956019798414,117.48036352613,3.5208063601746e-06,3.5208063601746e-06,0,0,3.0083787736882e-06,990041.97239808,3000000,-2.5077932851064e-09,-0.061612197556599,0.049101242404315,0.76396086802969,34.993158339783,34683373.133876,99.428273342946,99785120.53416,117.41875132857,16.224789085961,16.366218759249,0,0,-16224789.085961,-16366218.759249,-99428273.342946,-99785120.53416,0.0019608959947736,-0.00015694049607898,230366.77501132,-230366.77501132
33.252164405043,3.6465959739949e-06,-0.00044945445182505,2.296,24620827.526553,12.1,24620827.526553,28630549.354047,1.162883793084,4.266414344026e-05,42.66414344026,2503174376076.5,52.736317192421,1.7578593325691e-05,-0.00010867914184558,1.0490495978296e-05,2.8069089303986e-05,-6.8014605698734e-06,-0.00011548060241546,-0.06654274322724,0.087705337006343,0,0,4.8957442025671e-05,3.6465959739949e-06,3.6465959739949e-06,-1.1043904955066e-09,5.2865880909755e-05,-0.0036465959739949,0.05286588092129,-24620827.526553,-818.56668067542,34641994.290585,72.112593001281,86.053002586632,69.71405404199,84.340653773476,83.466255857919,1.5110718937278e-07,0,0,48.090196888557,2.0595490906442,1.1090139033734e-05,0.00014967627314169,2.3544020512017e-09,0.012292959445623,0.0001412641230721,1.1296631929153e-05,-0.0036465959739949,3.6465959739949e-06,0.0041763198155696,0.0209069135989,2.09069135989e-15,27231580.907736,1.162883793084,1.5685260060242e-07,0.15685260060242,-2.3544020512017e-09,3997564.9321513,27231580.907736,28630549.354047,0.00028936760779615,117.40222583505,3.6465959739949e-06,3.6465959739949e-06,0,0,3.7688020033786e-06,997564.9321513,3000000,-2.4946045523615e-09,-0.06157206157863,0.05286588092129,0.7474892624326,34.960785436034,34641994.300256,99.296209460968,99714054.04199,117.34065377348,16.247798184071,16.392108040393,0,0,-16247798.184071,-16392108.040393,-99296209.460968,-99714054.04199,0.0019608959947736,-0.0001600868440289,230213.55347132,-230213.55347132
33.553082795172,3.7945988030264e-06,-0.00045299896113938,2.296,24696780.869566,12.1,24696780.869566,28249347.709848,1.1438690190877,4.2694153917318e-05,42.694153917318,2533132930752.3,52.720179652471,1.8693340021034e-05,-0.00010874273228007,1.09340981816e-05,2.9627438202633e-05,-6.8400487074144e-06,-0.00011558278098749,-0.067556860039198,0.08723814215423,0,0,5.3698456735959e-05,3.7945988030264e-06,3.7945988030264e-06,-1.2335543137132e-09,5.7613480496822e-05,-0.0037945988030264,0.057613480510027,-24696780.869566,-687.46471477874,34569601.198663,71.98979844839,85.868795759697,69.585842958077,84.194139504,83.300366596058,1.9064281098285e-07,0,0,48.053390847841,2.0617163586409,1.1705315792667e-05,0.00014860818334379,2.3328293244915e-09,0.012777744421491,0.00013996975946949,1.1923262974616e-05,-0.0037945988030264,3.7945988030264e-06,0.0041763198155696,0.021536501879287,2.1536501879287e-15,27138254.669365,1.1438690190877,1.5922194880624e-07,0.15922194880624,-2.3328293244915e-09,4006592.4838552,27138254.669365,28249347.709848,0.00028900629494991,117.25563398708,3.7945988030264e-06,3.7945988030264e-06,0,0,4.7548697778901e-06,1006592.4838552,3000000,-2.4768030557298e-09,-0.061494483077482,0.057613480510027,0.72728998418953,34.900052518878,34569601.205499,99.087865378946,99585842.958077,117.194139504,16.28547636202,16.43168219002,0,0,-16285476.36202,-16431682.19002,-99087865.378946,-99585842.958077,0.0019608959947736,-0.00016399266618947,229926.10347402,-229926.10347402
33.733633829249,3.8621299338877e-06,-0.00045512566672797,2.296,24728252.66621,12.1,24728252.66621,27996425.894169,1.1321830128915,4.2706270395092e-05,42.706270395092,2545858854919.6,52.713540556677,1.9380570417619e-05,-0.00010875602839701,1.1199752472533e-05,3.0580322890152e-05,-6.8617461515961e-06,-0.0001156177745486,-0.068169890612399,0.086927246800391,0,0,5.6633368165217e-05,3.8621299338877e-06,3.8621299338877e-06,-1.3253737367443e-09,6.0551393345793e-05,-0.0038621299338877,0.060551393360298,-24728252.66621,-715.22995397781,34516731.229698,71.897489152857,85.747274121502,69.49028374393,84.083248240117,83.1781493022,1.1800606257766e-07,0,0,48.026241754299,2.0626217403601,1.2010950771728e-05,0.00014801097443374,2.321474782795e-09,0.013019533528164,0.0001392884869677,1.2234588725594e-05,-0.0038621299338877,3.8621299338877e-06,0.0041763198155696,0.021826580047626,2.1826580047626e-15,27094983.96262,1.1321830128915,1.6030883324271e-07,0.16030883324271,-2.321474782795e-09,4012009.0148775,27094983.96262,27996425.894169,0.00028873283220626,117.14468468272,3.8621299338877e-06,3.8621299338877e-06,0,0,2.9432185649272e-06,1012009.0148775,3000000,-2.4668495738957e-09,-0.061436442607956,0.060551393360298,0.71510401188881,34.854086006765,34516731.237109,98.939582416274,99490283.74393,117.08324824012,16.312134441731,16.455983974838,0,0,-16312134.441731,-16455983.974838,-98939582.416274,-99490283.74393,0.0019608959947736,-0.00016639283452171,229708.54313933,-229708.54313933
33.950295070142,3.9438548095286e-06,-0.00045767771343428,2.296,24773521.562852,12.1,24773521.562852,27686245.538743,1.1175911140859,4.2723810998005e-05,42.723810998005,2564033249917.4,52.703972891968,2.0223275508822e-05,-0.00010873252387714,1.1529693882062e-05,3.1752969390884e-05,-6.8869524006104e-06,-0.00011561947627775,-0.068902920340495,0.086510867465024,0,0,6.0282732745312e-05,3.9438548095286e-06,3.9438548095286e-06,-1.434260218469e-09,6.4203036669455e-05,-0.0039438548095286,0.064203036685475,-24773521.562852,-719.3895956763,34441607.749631,71.763062142313,85.5688335994,69.351956831051,83.921270462403,83.002232927256,1.4671191460815e-07,0,0,47.987291358737,2.0643874317208,1.2385747197351e-05,0.00014719224827544,2.3048037442136e-09,0.013315655087097,0.00013828822465282,1.2616363675011e-05,-0.0039438548095286,3.9438548095286e-06,0.0041763198155696,0.022180553457397,2.2180553457397e-15,27028127.947249,1.1175911140859,1.6161397761486e-07,0.16161397761486,-2.3048037442136e-09,4018508.8521042,27028127.947249,27686245.538743,0.00028833338747492,116.98262196633,3.9438548095286e-06,3.9438548095286e-06,0,0,3.6591783620557e-06,1018508.8521042,3000000,-2.4532041379239e-09,-0.061351503923376,0.064203036685475,0.70028338355337,34.786943174943,34441607.757144,98.735569522118,99351956.831051,116.9212704624,16.349723903795,16.490465541125,0,0,-16349723.903795,-16490465.541125,-98735569.522118,-99351956.831051,0.0019608959947736,-0.00016934432595936,229390.75489978,-229390.75489978
34.210288559213,4.0420277004589e-06,-0.00046074016948185,2.296,24835691.126966,12.1,24835691.126966,27302587.426766,1.0993431032435,4.2747818471928e-05,42.747818471928,2589045065296.1,52.690843799905,2.1268143882123e-05,-0.00010865433335564,1.1941356085499e-05,3.3209499967621e-05,-6.9159376555578e-06,-0.00011557027101119,-0.069788776129227,0.085951293344156,0,0,6.4842243691276e-05,4.0420277004589e-06,4.0420277004589e-06,-1.5413528803202e-09,6.876326267115e-05,-0.0040420277004589,0.068763262688425,-24835691.126966,-608.49449054633,34334769.016183,71.56832039677,85.3111048974,69.152535202704,83.685957764647,82.749789023392,1.8326818181083e-07,0,0,47.931527702864,2.0665405094592,1.2845479114128e-05,0.00014610153505577,2.2831065136921e-09,0.013677243705544,0.00013698639082153,1.3084655572355e-05,-0.0040420277004589,4.0420277004589e-06,0.0041763198155696,0.022609723048396,2.2609723048396e-15,26930949.49116,1.0993431032435,1.6317384841625e-07,0.16317384841625,-2.2831065136921e-09,4026308.6567764,26930949.49116,27302587.426766,0.00028775309533175,116.747185838,4.0420277004589e-06,4.0420277004589e-06,0,0,4.570937317128e-06,1026308.6567764,3000000,-2.4350255842628e-09,-0.061228073349042,0.068763262688425,0.68227061761036,34.689401641073,34334769.021575,98.45404653815,99152535.202704,116.68595776465,16.402746179312,16.539357887911,0,0,-16402746.179312,-16539357.887911,-98454046.53815,-99152535.202704,0.0019608959947736,-0.00017298707415011,228929.08905264,-228929.08905264
